<?xml version="1.0"?>
<!--Created by Custom Compiler (TM), build , on Tue Apr 13 19:35:26 2021-->
<file-format name="netlisting-timestamps" version="2.0">
<module timestamp="2049" viewSearchList="hspice hspiceD schematic spice veriloga" contextID="switched: Memory_design memory_design schematic vl: hspice hspiceD schematic spice veriloga sl: hspice hspiceD" viewStopList="hspice hspiceD" isSubcircuit="1">
<parameterizedConnections>
<connectDefs timestamp="0"/>
<oaAssignments timestamp="0"/>
<dbAssignValue timestamp="0"/>
<dbAssignAssignment timestamp="0"/>
</parameterizedConnections>
<parameters timestamp="2"/>
<lib_parameters/>
<LineageParams/>
<ParentParams/>
<Terms timestamp="881"/>
<PortOrder><![CDATA[AR0AR1AW0AW1CLKDR0DR1DR2DR3DW0DW1DW2DW3WENB]]></PortOrder>
<ShortOptions timestamp="3580584169"/>
</module>
</file-format>
