<?xml version="1.0"?>
<!--Created by Custom Compiler (TM), build , on Sun Apr 11 00:21:11 2021-->
<file-format version="2.0" name="netlisting-timestamps">
<module viewStopList="hspice hspiceD" viewSearchList="hspice hspiceD schematic spice veriloga" isSubcircuit="1" timestamp="28" contextID="switched: analogLib cap hspice vl: hspice hspiceD schematic spice veriloga sl: hspice hspiceD">
<parameterizedConnections>
<connectDefs timestamp="0"/>
<oaAssignments timestamp="0"/>
<dbAssignValue timestamp="0"/>
<dbAssignAssignment timestamp="0"/>
</parameterizedConnections>
<parameters timestamp="1"/>
<lib_parameters/>
<LineageParams/>
<ParentParams/>
<Terms timestamp="11"/>
<PortOrder><![CDATA[PLUSMINUS]]></PortOrder>
<ShortOptions timestamp="3580584169"/>
</module>
</file-format>
