<?xml version="1.0"?>
<!--Created by Custom Compiler (TM), build , on Tue Apr 13 19:35:26 2021-->
<file-format name="netlisting-timestamps" version="2.0">
<module timestamp="796" viewSearchList="hspice hspiceD schematic spice veriloga" contextID="switched: DECODER decoder schematic vl: hspice hspiceD schematic spice veriloga sl: hspice hspiceD" viewStopList="hspice hspiceD" isSubcircuit="1">
<parameterizedConnections>
<connectDefs timestamp="0"/>
<oaAssignments timestamp="0"/>
<dbAssignValue timestamp="0"/>
<dbAssignAssignment timestamp="0"/>
</parameterizedConnections>
<parameters timestamp="3"/>
<lib_parameters timestamp="0"/>
<LineageParams/>
<ParentParams/>
<Terms timestamp="700"/>
<PortOrder><![CDATA[AR<0>AR<1>CLKRWL<0>RWL<1>RWL<2>RWL<3>]]></PortOrder>
<ShortOptions timestamp="3580584169"/>
</module>
</file-format>
