<?xml version="1.0"?>
<!--Created by Custom Compiler (TM), build , on Mon Apr 12 15:06:15 2021-->
<file-format name="netlisting-timestamps" version="2.0">
<module viewStopList="hspice hspiceD" isSubcircuit="1" contextID="switched: DECODER inverter schematic vl: hspice hspiceD schematic spice veriloga sl: hspice hspiceD" timestamp="226" viewSearchList="hspice hspiceD schematic spice veriloga">
<parameterizedConnections>
<connectDefs timestamp="0"/>
<oaAssignments timestamp="0"/>
<dbAssignValue timestamp="0"/>
<dbAssignAssignment timestamp="0"/>
</parameterizedConnections>
<parameters timestamp="2"/>
<lib_parameters timestamp="0"/>
<LineageParams/>
<ParentParams/>
<Terms timestamp="151"/>
<PortOrder><![CDATA[AZ]]></PortOrder>
<ShortOptions timestamp="3580584169"/>
</module>
</file-format>
