<?xml version="1.0"?>
<!--Created by Custom Compiler (TM), build , on Tue Apr 13 16:00:50 2021-->
<file-format name="stateData" version="1.0">
 <attribute value="" type="giString" name="description"/>
 <attribute value="sram/SRAM/schematic" type="dmCellView" name="design"/>
 <attribute value="1" type="giBoolean" name="enabled"/>
 <attribute value="default" type="giString" name="name"/>
 <attribute value="//" type="dmCellView" name="openaccessState"/>
 <attribute value="HSPICE" type="giString" name="simulator"/>
 <comment>Temporary cloned testbench saved state </comment>
 <integration version="1"/>
</file-format>
