<?xml version="1.0"?>
<!--Created by Custom Compiler (TM), build , on Mon Apr 12 14:55:47 2021-->
<file-format version="2.0" name="netlisting-timestamps">
<module contextID="switched: DEMUX nand schematic vl: hspice hspiceD schematic spice veriloga sl: hspice hspiceD" viewStopList="hspice hspiceD" isSubcircuit="1" viewSearchList="hspice hspiceD schematic spice veriloga" timestamp="552">
<parameterizedConnections>
<connectDefs timestamp="0"/>
<oaAssignments timestamp="0"/>
<dbAssignValue timestamp="0"/>
<dbAssignAssignment timestamp="0"/>
</parameterizedConnections>
<parameters timestamp="2"/>
<lib_parameters timestamp="1"/>
<LineageParams/>
<ParentParams/>
<Terms timestamp="383"/>
<PortOrder><![CDATA[ABZ]]></PortOrder>
<ShortOptions timestamp="3580584169"/>
</module>
</file-format>
