<?xml version="1.0"?>
<!--Created by Custom Compiler (TM), build , on Mon Apr 12 14:50:58 2021-->
<file-format name="stateCategory" version="1.0">
 <object name="designVariables" version="1" type="saDesignVariables">
  <attribute value="default" name="variableSet" type="giString"/>
  <collection name="variableSets">
   <object name="variableSets" version="1" type="saDesignVariableSet">
    <collection name="designVariables">
     <object name="designVariables" version="1" type="saDesignVariable">
      <attribute value="" name="description" type="giString"/>
      <attribute value="VDD" name="name" type="giString"/>
      <attribute value="1" name="useLocal" type="giBoolean"/>
      <attribute value="0.8" name="value" type="giString"/>
      <attribute value="none" name="variableType" type="enVariableType"/>
     </object>
    </collection>
    <attribute value="default" name="name" type="giString"/>
   </object>
  </collection>
 </object>
</file-format>
