<?xml version="1.0"?>
<!--Created by Custom Compiler (TM), build , on Mon Apr 12 14:50:58 2021-->
<file-format name="stateCategory" version="1.0">
 <object name="environmentOptions" version="1" type="saEnvironmentOptions">
  <attribute value="0" name="caseSensitive" type="giBoolean"/>
  <attribute value="" name="commandLineOptions" type="giString"/>
  <attribute value="0" name="enableMultiThreading" type="giBoolean"/>
  <attribute value="0" name="hpp" type="giBoolean"/>
  <attribute value="0" name="ignoreParasitics" type="giBoolean"/>
  <attribute value="/afs/eos.ncsu.edu/lockers/research/ece/wdavis/tech/FreePDK15/syncust/NCSU_TechLib_FreePDK15/../../hspice/models/" name="includePath" type="giString"/>
  <attribute value="HSPICE" name="netlistLanguage" type="giString"/>
  <attribute value="1" name="numThreads" type="giInt"/>
  <attribute value="wdf" name="outputDataFormat" type="giString"/>
  <attribute value="hspice hspiceD" name="stopViewList" type="giString"/>
  <attribute value="hspice hspiceD schematic spice veriloga" name="switchViewList" type="giString"/>
  <attribute value="1" name="use64Bit" type="giBoolean"/>
 </object>
</file-format>
