<?xml version="1.0"?>
<!--Created by Custom Compiler (TM), build , on Mon Apr 26 19:48:51 2021-->
<file-format name="netlisting-timestamps" version="2.0">
<module contextID="switched: TSPC tspc_ff schematic vl: hspice hspiceD schematic spice veriloga sl: hspice hspiceD" isSubcircuit="1" timestamp="1536" viewSearchList="hspice hspiceD schematic spice veriloga" viewStopList="hspice hspiceD">
<parameterizedConnections>
<connectDefs timestamp="0"/>
<oaAssignments timestamp="0"/>
<dbAssignValue timestamp="0"/>
<dbAssignAssignment timestamp="0"/>
</parameterizedConnections>
<parameters timestamp="2"/>
<lib_parameters timestamp="4"/>
<LineageParams/>
<ParentParams/>
<Terms timestamp="1159"/>
<PortOrder><![CDATA[CLKDQ]]></PortOrder>
<ShortOptions timestamp="3580584169"/>
</module>
</file-format>
