<?xml version="1.0"?>
<!--Created by Custom Compiler (TM), build , on Tue Apr 27 16:14:51 2021-->
<file-format version="1.0" name="stateCategory">
 <object version="1" type="saEnvironmentOptions" name="environmentOptions">
  <attribute type="giBoolean" value="0" name="caseSensitive"/>
  <attribute type="giString" value="" name="commandLineOptions"/>
  <attribute type="giBoolean" value="0" name="enableMultiThreading"/>
  <attribute type="giBoolean" value="0" name="hpp"/>
  <attribute type="giBoolean" value="0" name="ignoreParasitics"/>
  <attribute type="giString" value="/afs/eos.ncsu.edu/lockers/research/ece/wdavis/tech/FreePDK15/syncust/NCSU_TechLib_FreePDK15/../../hspice/models/" name="includePath"/>
  <attribute type="giString" value="HSPICE" name="netlistLanguage"/>
  <attribute type="giInt" value="1" name="numThreads"/>
  <attribute type="giString" value="wdf" name="outputDataFormat"/>
  <attribute type="giString" value="hspice hspiceD" name="stopViewList"/>
  <attribute type="giString" value="starrc hspice hspiceD schematic spice veriloga" name="switchViewList"/>
  <attribute type="giBoolean" value="1" name="use64Bit"/>
 </object>
</file-format>
