<?xml version="1.0"?>
<!--Created by Custom Compiler (TM), build , on Tue Apr 27 16:14:51 2021-->
<file-format version="1.0" name="stateCategory">
 <collection name="includeFiles">
  <object version="1" type="saIncludeFile" name="includeFiles">
   <attribute type="giBoolean" value="1" name="enabled"/>
   <attribute type="giString" value="/afs/unity.ncsu.edu/users/s/spatnal/ece546project/invec.dat" name="filename"/>
   <attribute type="giString" value="Digital Vector" name="includeType"/>
   <attribute type="giString" value="" name="section"/>
  </object>
  <object version="1" type="saIncludeFile" name="includeFiles">
   <attribute type="giBoolean" value="1" name="enabled"/>
   <attribute type="giString" value="/afs/unity.ncsu.edu/users/s/spatnal/ece546project/outvec.dat" name="filename"/>
   <attribute type="giString" value="Digital Vector" name="includeType"/>
   <attribute type="giString" value="" name="section"/>
  </object>
 </collection>
</file-format>
