<?xml version="1.0"?>
<!--Created by Custom Compiler (TM), build , on Tue Apr 27 16:14:51 2021-->
<file-format version="1.0" name="stateCategory">
 <object version="1" type="saJobOptions" name="jobOptions">
  <attribute type="giString" value="Background" name="measurementsCalculationMode"/>
  <attribute type="giString" value="" name="measurementsCommandPrefix"/>
  <attribute type="giString" value="" name="measurementsDisplayName"/>
  <attribute type="saDisplayEnum" value="Current" name="measurementsDisplayType"/>
  <attribute type="giString" value="" name="measurementsDisplayWrapperScript"/>
  <attribute type="giString" value="" name="measurementsGridOptions"/>
  <attribute type="giString" value="SAEShell" name="measurementsJobClass"/>
  <attribute type="giString" value="" name="netlistingGridOptions"/>
  <attribute type="giString" value="Netlisting" name="netlistingJobClass"/>
  <attribute type="giString" value="~/simulation" name="remoteSimDir"/>
  <attribute type="giString" value="/SCRATCH" name="scratchDir"/>
  <attribute type="giString" value="" name="simulationCommandPrefix"/>
  <attribute type="giString" value="" name="simulationGridOptions"/>
  <attribute type="giString" value="Simulation" name="simulationJobClass"/>
  <attribute type="giBoolean" value="0" name="useScratchDir"/>
 </object>
</file-format>
