<?xml version="1.0"?>
<!--Created by Custom Compiler (TM), build , on Tue Apr 27 16:14:51 2021-->
<file-format version="1.0" name="stateCategory">
 <object version="1" type="saModelSetup" name="models">
  <attribute type="giBoolean" value="1" name="includeGlobal"/>
  <attribute type="giString" value="/afs/eos.ncsu.edu/lockers/research/ece/wdavis/tech/FreePDK15/syncust/NCSU_TechLib_FreePDK15/../../hspice/models/" name="includePath"/>
  <collection name="modelFiles">
   <object version="1" type="saModelFile" name="modelFiles">
    <attribute type="giBoolean" value="1" name="enabled"/>
    <attribute type="giString" value="fet.inc" name="filename"/>
    <attribute type="giString" value="CMG" name="section"/>
   </object>
  </collection>
  <collection name="modelGroupDefs"/>
  <collection name="modelGroups"/>
 </object>
</file-format>
