<?xml version="1.0"?>
<!--Created by Custom Compiler (TM), build , on Tue Apr 27 16:14:51 2021-->
<file-format version="1.0" name="stateCategory">
 <object version="1" type="saSaveOptions" name="saveOptions">
  <attribute type="giBoolean" value="0" name="allAnalogTC"/>
  <attribute type="giString" value="" name="emTStart"/>
  <attribute type="giString" value="" name="emTStop"/>
  <attribute type="giBoolean" value="0" name="enableEM"/>
  <attribute type="giBoolean" value="0" name="enableVDRC"/>
  <attribute type="giString" value="" name="postLevel"/>
  <attribute type="giInt" value="1" name="postTop"/>
  <attribute type="giBoolean" value="0" name="power"/>
  <attribute type="giString" value="level" name="save"/>
  <attribute type="giBoolean" value="0" name="subcktCurrent"/>
  <attribute type="giBoolean" value="0" name="totalPower"/>
  <attribute type="giString" value="" name="vdrcTStart"/>
  <attribute type="giString" value="" name="vdrcTStop"/>
 </object>
</file-format>
