<?xml version="1.0"?>
<!--Created by Custom Compiler (TM), build , on Tue Apr 27 16:14:51 2021-->
<file-format version="1.0" name="stateData">
 <attribute type="giString" value="" name="description"/>
 <attribute type="dmCellView" value="proj_common/tb2021/schematic" name="design"/>
 <attribute type="giBoolean" value="1" name="enabled"/>
 <attribute type="giString" value="HSPICE_default" name="name"/>
 <attribute type="dmCellView" value="proj_common/tb2021/HSPICE_default" name="openaccessState"/>
 <attribute type="giString" value="HSPICE" name="simulator"/>
 <comment></comment>
 <integration version="1"/>
</file-format>
