<?xml version="1.0"?>
<!--Created by Custom Compiler (TM), build , on Tue Apr 27 16:14:51 2021-->
<file-format version="1.0" name="stateCategory">
 <object version="1" type="saTimestamps" name="timestamps">
  <attribute type="giString" value="" name="designData"/>
  <attribute type="giInt" value="0" name="designTimestamp"/>
  <attribute type="giString" value="" name="filterList"/>
  <attribute type="giString" value="" name="includeFilesData"/>
  <attribute type="giInt" value="0" name="lastFullScan"/>
  <attribute type="giBoolean" value="0" name="resultsUpToDate"/>
  <attribute type="giString" value="" name="saeSessionData"/>
 </object>
</file-format>
