<?xml version="1.0"?>
<!--Created by Custom Compiler (TM), build , on Tue Apr 13 16:00:38 2021-->
<file-format name="stateCategory" version="1.0">
 <collection name="includeFiles">
  <object type="saIncludeFile" name="includeFiles" version="1">
   <attribute value="1" type="giBoolean" name="enabled"/>
   <attribute value="/afs/unity.ncsu.edu/users/s/spatnal/ece546project/sram_test.dat" type="giString" name="filename"/>
   <attribute value="Digital Vector" type="giString" name="includeType"/>
   <attribute value="" type="giString" name="section"/>
  </object>
 </collection>
</file-format>
