<?xml version="1.0"?>
<!--Created by Custom Compiler (TM), build , on Tue Apr 13 20:53:08 2021-->
<file-format name="stateData" version="1.0">
 <attribute name="description" type="giString" value=""/>
 <attribute name="design" type="dmCellView" value="proj_common/tb2021/schematic"/>
 <attribute name="enabled" type="giBoolean" value="1"/>
 <attribute name="name" type="giString" value="HSPICE_default"/>
 <attribute name="openaccessState" type="dmCellView" value="proj_common/tb2021/HSPICE_default"/>
 <attribute name="simulator" type="giString" value="HSPICE"/>
 <comment></comment>
 <integration version="1"/>
</file-format>
