<?xml version="1.0"?>
<!--Created by Custom Compiler (TM), build , on Mon Apr 12 14:39:09 2021-->
<file-format name="netlisting-timestamps" version="2.0">
<module viewStopList="hspice hspiceD" isSubcircuit="1" contextID="switched: analogLib vdc hspice vl: hspice hspiceD schematic spice veriloga sl: hspice hspiceD" timestamp="31" viewSearchList="hspice hspiceD schematic spice veriloga">
<parameterizedConnections>
<connectDefs timestamp="0"/>
<oaAssignments timestamp="0"/>
<dbAssignValue timestamp="0"/>
<dbAssignAssignment timestamp="0"/>
</parameterizedConnections>
<parameters timestamp="1"/>
<lib_parameters/>
<LineageParams/>
<ParentParams/>
<Terms timestamp="11"/>
<PortOrder><![CDATA[PLUSMINUS]]></PortOrder>
<ShortOptions timestamp="3580584169"/>
</module>
</file-format>
