<?xml version="1.0"?>
<!--Created by Custom Compiler (TM), build , on Mon Apr 12 16:36:03 2021-->
<file-format version="1.0" name="stateCategory">
 <object version="1" name="designVariables" type="saDesignVariables">
  <attribute name="variableSet" type="giString" value="default"/>
  <collection name="variableSets">
   <object version="1" name="variableSets" type="saDesignVariableSet">
    <collection name="designVariables">
     <object version="1" name="designVariables" type="saDesignVariable">
      <attribute name="description" type="giString" value=""/>
      <attribute name="name" type="giString" value="VDD"/>
      <attribute name="useLocal" type="giBoolean" value="1"/>
      <attribute name="value" type="giString" value="0.8"/>
      <attribute name="variableType" type="enVariableType" value="none"/>
     </object>
    </collection>
    <attribute name="name" type="giString" value="default"/>
   </object>
  </collection>
 </object>
</file-format>
