<?xml version="1.0"?>
<!--Created by Custom Compiler (TM), build , on Mon Apr 12 16:36:03 2021-->
<file-format version="1.0" name="stateCategory">
 <collection name="includeFiles">
  <object version="1" name="includeFiles" type="saIncludeFile">
   <attribute name="enabled" type="giBoolean" value="1"/>
   <attribute name="filename" type="giString" value="/afs/unity.ncsu.edu/users/s/spatnal/ece546project/demux_test.dat"/>
   <attribute name="includeType" type="giString" value="Digital Vector"/>
   <attribute name="section" type="giString" value=""/>
  </object>
 </collection>
</file-format>
