<?xml version="1.0"?>
<!--Created by Custom Compiler (TM), build , on Tue Apr 13 20:53:08 2021-->
<file-format name="simRunData" version="1.0">
 <object name="simRunData" version="1" type="saSimRun">
  <attribute name="dmCellView" type="giString" value="proj_common/tb2021/schematic"/>
  <attribute name="simJobName" type="giString" value=""/>
  <attribute name="status" type="giString" value=""/>
  <attribute name="stopViewList" type="giString" value="hspice hspiceD"/>
  <attribute name="switchViewList" type="giString" value="hspice hspiceD schematic spice veriloga"/>
  <attribute name="timestamps" type="giStringList" value="./netlist 1618361588"/>
 </object>
</file-format>
