<?xml version="1.0"?>
<!--Created by Custom Compiler (TM), build , on Mon Apr  5 10:56:41 2021-->
<file-format name="stateCategory" version="1.0">
 <collection name="includeFiles">
  <object type="saIncludeFile" name="includeFiles" version="1">
   <attribute type="giBoolean" name="enabled" value="1"/>
   <attribute type="giString" name="filename" value="/afs/unity.ncsu.edu/users/q/qzhao23/ncsu_classes/TA546_spring2021/project_2021/input.dat"/>
   <attribute type="giString" name="includeType" value="Digital Vector"/>
   <attribute type="giString" name="section" value=""/>
  </object>
  <object type="saIncludeFile" name="includeFiles" version="1">
   <attribute type="giBoolean" name="enabled" value="1"/>
   <attribute type="giString" name="filename" value="/afs/unity.ncsu.edu/users/q/qzhao23/ncsu_classes/TA546_spring2021/project_2021/output.dat"/>
   <attribute type="giString" name="includeType" value="Digital Vector"/>
   <attribute type="giString" name="section" value=""/>
  </object>
 </collection>
</file-format>
