<?xml version="1.0"?>
<!--Created by Custom Compiler (TM), build , on Mon Apr  5 10:56:41 2021-->
<file-format name="stateData" version="1.0">
 <attribute type="giString" name="description" value=""/>
 <attribute type="dmCellView" name="design" value="proj_common/tb2021/schematic"/>
 <attribute type="giBoolean" name="enabled" value="1"/>
 <attribute type="giString" name="name" value="HSPICE_default_local"/>
 <attribute type="dmCellView" name="openaccessState" value="proj_common/tb2021/HSPICE_default"/>
 <attribute type="giString" name="simulator" value="HSPICE"/>
 <comment></comment>
 <resultsDir>./simulation</resultsDir>
 <integration version="1"/>
</file-format>
