<?xml version="1.0"?>
<!--Created by Custom Compiler (TM), build , on Tue Apr 13 20:47:25 2021-->
<file-format name="stateCategory" version="1.0">
 <collection name="includeFiles">
  <object name="includeFiles" version="1" type="saIncludeFile">
   <attribute name="enabled" type="giBoolean" value="1"/>
   <attribute name="filename" type="giString" value="/afs/unity.ncsu.edu/users/s/spatnal/ece546project/invec.dat"/>
   <attribute name="includeType" type="giString" value="Digital Vector"/>
   <attribute name="section" type="giString" value=""/>
  </object>
  <object name="includeFiles" version="1" type="saIncludeFile">
   <attribute name="enabled" type="giBoolean" value="1"/>
   <attribute name="filename" type="giString" value="/afs/unity.ncsu.edu/users/s/spatnal/ece546project/outvec.dat"/>
   <attribute name="includeType" type="giString" value="Digital Vector"/>
   <attribute name="section" type="giString" value=""/>
  </object>
 </collection>
</file-format>
