<?xml version="1.0"?>
<!--Created by Custom Compiler (TM), build , on Mon Apr 12 15:54:37 2021-->
<file-format name="simRunData" version="1.0">
 <object name="simRunData" version="1" type="saSimRun">
  <attribute value="DECODER/decoder_tb/schematic" name="dmCellView" type="giString"/>
  <attribute value="" name="simJobName" type="giString"/>
  <attribute value="" name="status" type="giString"/>
  <attribute value="hspice hspiceD" name="stopViewList" type="giString"/>
  <attribute value="hspice hspiceD schematic spice veriloga" name="switchViewList" type="giString"/>
  <attribute value="./netlist 1618257277" name="timestamps" type="giStringList"/>
 </object>
</file-format>
