<?xml version="1.0"?>
<!--Created by Custom Compiler (TM), build , on Tue Apr 13 19:35:26 2021-->
<file-format name="netlisting-timestamps" version="2.0">
<module timestamp="569" viewSearchList="hspice hspiceD schematic spice veriloga" contextID="switched: DEMUX demux schematic vl: hspice hspiceD schematic spice veriloga sl: hspice hspiceD" viewStopList="hspice hspiceD" isSubcircuit="1">
<parameterizedConnections>
<connectDefs timestamp="0"/>
<oaAssignments timestamp="0"/>
<dbAssignValue timestamp="0"/>
<dbAssignAssignment timestamp="0"/>
</parameterizedConnections>
<parameters timestamp="2"/>
<lib_parameters timestamp="1"/>
<LineageParams/>
<ParentParams/>
<Terms timestamp="512"/>
<PortOrder><![CDATA[AW[0]AW[1]CLKWENBWWL[0]WWL[1]WWL[2]WWL[3]]]></PortOrder>
<ShortOptions timestamp="3580584169"/>
</module>
</file-format>
