<?xml version="1.0"?>
<!--Created by Custom Compiler (TM), build , on Mon Apr 12 15:42:47 2021-->
<file-format version="1.0" name="stateCategory">
 <object version="1" name="timestamps" type="saTimestamps">
  <attribute name="designData" type="giString" value=""/>
  <attribute name="designTimestamp" type="giInt" value="0"/>
  <attribute name="filterList" type="giString" value=""/>
  <attribute name="includeFilesData" type="giString" value=""/>
  <attribute name="lastFullScan" type="giInt" value="0"/>
  <attribute name="resultsUpToDate" type="giBoolean" value="0"/>
  <attribute name="saeSessionData" type="giString" value=""/>
 </object>
</file-format>
