<?xml version="1.0"?>
<!--Created by Custom Compiler (TM), build , on Wed Apr  7 23:56:37 2021-->
<file-format name="netlisting-timestamps" version="2.0">
<module viewSearchList="hspice hspiceD schematic spice veriloga" contextID="switched: DEMUX NOR schematic vl: hspice hspiceD schematic spice veriloga sl: hspice hspiceD" viewStopList="hspice hspiceD" isSubcircuit="1" timestamp="691">
<parameterizedConnections>
<connectDefs timestamp="0"/>
<oaAssignments timestamp="0"/>
<dbAssignValue timestamp="0"/>
<dbAssignAssignment timestamp="0"/>
</parameterizedConnections>
<parameters timestamp="2"/>
<lib_parameters timestamp="1"/>
<LineageParams/>
<ParentParams/>
<Terms timestamp="361"/>
<PortOrder><![CDATA[A<0>A<1>A<2>Z]]></PortOrder>
<ShortOptions timestamp="3580584169"/>
</module>
</file-format>
