<?xml version="1.0"?>
<!--Created by Custom Compiler (TM), build , on Tue Apr 13 16:00:38 2021-->
<file-format name="stateCategory" version="1.0">
 <object type="saEnvironmentOptions" name="environmentOptions" version="1">
  <attribute value="0" type="giBoolean" name="caseSensitive"/>
  <attribute value="" type="giString" name="commandLineOptions"/>
  <attribute value="0" type="giBoolean" name="enableMultiThreading"/>
  <attribute value="0" type="giBoolean" name="hpp"/>
  <attribute value="0" type="giBoolean" name="ignoreParasitics"/>
  <attribute value="/afs/eos.ncsu.edu/lockers/research/ece/wdavis/tech/FreePDK15/syncust/NCSU_TechLib_FreePDK15/../../hspice/models/" type="giString" name="includePath"/>
  <attribute value="HSPICE" type="giString" name="netlistLanguage"/>
  <attribute value="1" type="giInt" name="numThreads"/>
  <attribute value="wdf" type="giString" name="outputDataFormat"/>
  <attribute value="hspice hspiceD" type="giString" name="stopViewList"/>
  <attribute value="starrc hspice hspiceD schematic spice veriloga" type="giString" name="switchViewList"/>
  <attribute value="1" type="giBoolean" name="use64Bit"/>
 </object>
</file-format>
