<?xml version="1.0"?>
<!--Created by Custom Compiler (TM), build , on Tue Apr 13 16:00:38 2021-->
<file-format name="stateCategory" version="1.0">
 <collection name="options">
  <object type="saOption" name="options" version="1">
   <attribute value="no" type="giString" name="enabled"/>
   <attribute value="0" type="giBoolean" name="hasIntegrationDefault"/>
   <attribute value="0" type="giBoolean" name="localized"/>
   <attribute value="ABSI" type="giString" name="name"/>
   <attribute value="1e-9" type="giString" name="simDefault"/>
   <attribute value="used" type="giString" name="state"/>
   <attribute value="1e-9" type="giString" name="value"/>
  </object>
  <object type="saOption" name="options" version="1">
   <attribute value="no" type="giString" name="enabled"/>
   <attribute value="0" type="giBoolean" name="hasIntegrationDefault"/>
   <attribute value="0" type="giBoolean" name="localized"/>
   <attribute value="ABSMOS" type="giString" name="name"/>
   <attribute value="1e-6" type="giString" name="simDefault"/>
   <attribute value="used" type="giString" name="state"/>
   <attribute value="1e-6" type="giString" name="value"/>
  </object>
  <object type="saOption" name="options" version="1">
   <attribute value="no" type="giString" name="enabled"/>
   <attribute value="0" type="giBoolean" name="hasIntegrationDefault"/>
   <attribute value="0" type="giBoolean" name="localized"/>
   <attribute value="ABSTOL" type="giString" name="name"/>
   <attribute value="1e-9" type="giString" name="simDefault"/>
   <attribute value="used" type="giString" name="state"/>
   <attribute value="1e-9" type="giString" name="value"/>
  </object>
  <object type="saOption" name="options" version="1">
   <attribute value="no" type="giString" name="enabled"/>
   <attribute value="0" type="giBoolean" name="hasIntegrationDefault"/>
   <attribute value="0" type="giBoolean" name="localized"/>
   <attribute value="ABSVDC" type="giString" name="name"/>
   <attribute value="50u" type="giString" name="simDefault"/>
   <attribute value="used" type="giString" name="state"/>
   <attribute value="50u" type="giString" name="value"/>
  </object>
  <object type="saOption" name="options" version="1">
   <attribute value="no" type="giString" name="enabled"/>
   <attribute value="0" type="giBoolean" name="hasIntegrationDefault"/>
   <attribute value="0" type="giBoolean" name="localized"/>
   <attribute value="ACCURATE" type="giString" name="name"/>
   <attribute value="0" type="giString" name="simDefault"/>
   <attribute value="used" type="giString" name="state"/>
   <attribute value="0" type="giString" name="value"/>
  </object>
  <object type="saOption" name="options" version="1">
   <attribute value="no" type="giString" name="enabled"/>
   <attribute value="0" type="giBoolean" name="hasIntegrationDefault"/>
   <attribute value="0" type="giBoolean" name="localized"/>
   <attribute value="ALTCC" type="giString" name="name"/>
   <attribute value="0" type="giString" name="simDefault"/>
   <attribute value="used" type="giString" name="state"/>
   <attribute value="0" type="giString" name="value"/>
  </object>
  <object type="saOption" name="options" version="1">
   <attribute value="no" type="giString" name="enabled"/>
   <attribute value="0" type="giBoolean" name="hasIntegrationDefault"/>
   <attribute value="0" type="giBoolean" name="localized"/>
   <attribute value="ALTCHK" type="giString" name="name"/>
   <attribute value="0" type="giString" name="simDefault"/>
   <attribute value="used" type="giString" name="state"/>
   <attribute value="0" type="giString" name="value"/>
  </object>
  <object type="saOption" name="options" version="1">
   <attribute value="no" type="giString" name="enabled"/>
   <attribute value="0" type="giBoolean" name="hasIntegrationDefault"/>
   <attribute value="0" type="giBoolean" name="localized"/>
   <attribute value="AUTOFLAT" type="giString" name="name"/>
   <attribute value="0" type="giString" name="simDefault"/>
   <attribute value="used" type="giString" name="state"/>
   <attribute value="0" type="giString" name="value"/>
  </object>
  <object type="saOption" name="options" version="1">
   <attribute value="no" type="giString" name="enabled"/>
   <attribute value="0" type="giBoolean" name="hasIntegrationDefault"/>
   <attribute value="0" type="giBoolean" name="localized"/>
   <attribute value="AUTOSTOP" type="giString" name="name"/>
   <attribute value="0" type="giString" name="simDefault"/>
   <attribute value="used" type="giString" name="state"/>
   <attribute value="0" type="giString" name="value"/>
  </object>
  <object type="saOption" name="options" version="1">
   <attribute value="no" type="giString" name="enabled"/>
   <attribute value="0" type="giBoolean" name="hasIntegrationDefault"/>
   <attribute value="0" type="giBoolean" name="localized"/>
   <attribute value="BA_COUPLING" type="giString" name="name"/>
   <attribute value="0" type="giString" name="simDefault"/>
   <attribute value="used" type="giString" name="state"/>
   <attribute value="0" type="giString" name="value"/>
  </object>
  <object type="saOption" name="options" version="1">
   <attribute value="no" type="giString" name="enabled"/>
   <attribute value="0" type="giBoolean" name="hasIntegrationDefault"/>
   <attribute value="0" type="giBoolean" name="localized"/>
   <attribute value="BA_ACTIVEHIER" type="giString" name="name"/>
   <attribute value="0" type="giString" name="simDefault"/>
   <attribute value="used" type="giString" name="state"/>
   <attribute value="0" type="giString" name="value"/>
  </object>
  <object type="saOption" name="options" version="1">
   <attribute value="no" type="giString" name="enabled"/>
   <attribute value="0" type="giBoolean" name="hasIntegrationDefault"/>
   <attribute value="0" type="giBoolean" name="localized"/>
   <attribute value="BA_DPFPFX" type="giString" name="name"/>
   <attribute value="" type="giString" name="simDefault"/>
   <attribute value="used" type="giString" name="state"/>
   <attribute value="" type="giString" name="value"/>
  </object>
  <object type="saOption" name="options" version="1">
   <attribute value="no" type="giString" name="enabled"/>
   <attribute value="0" type="giBoolean" name="hasIntegrationDefault"/>
   <attribute value="0" type="giBoolean" name="localized"/>
   <attribute value="BA_IDEALPFX" type="giString" name="name"/>
   <attribute value="" type="giString" name="simDefault"/>
   <attribute value="used" type="giString" name="state"/>
   <attribute value="" type="giString" name="value"/>
  </object>
  <object type="saOption" name="options" version="1">
   <attribute value="no" type="giString" name="enabled"/>
   <attribute value="0" type="giBoolean" name="hasIntegrationDefault"/>
   <attribute value="0" type="giBoolean" name="localized"/>
   <attribute value="BA_HIERDELIM" type="giString" name="name"/>
   <attribute value="" type="giString" name="simDefault"/>
   <attribute value="used" type="giString" name="state"/>
   <attribute value="" type="giString" name="value"/>
  </object>
  <object type="saOption" name="options" version="1">
   <attribute value="no" type="giString" name="enabled"/>
   <attribute value="0" type="giBoolean" name="hasIntegrationDefault"/>
   <attribute value="0" type="giBoolean" name="localized"/>
   <attribute value="BA_FINGERDELIM" type="giString" name="name"/>
   <attribute value="" type="giString" name="simDefault"/>
   <attribute value="used" type="giString" name="state"/>
   <attribute value="" type="giString" name="value"/>
  </object>
  <object type="saOption" name="options" version="1">
   <attribute value="no" type="giString" name="enabled"/>
   <attribute value="0" type="giBoolean" name="hasIntegrationDefault"/>
   <attribute value="0" type="giBoolean" name="localized"/>
   <attribute value="BA_TERMINAL" type="giString" name="name"/>
   <attribute value="" type="giString" name="simDefault"/>
   <attribute value="used" type="giString" name="state"/>
   <attribute value="" type="giString" name="value"/>
  </object>
  <object type="saOption" name="options" version="1">
   <attribute value="no" type="giString" name="enabled"/>
   <attribute value="0" type="giBoolean" name="hasIntegrationDefault"/>
   <attribute value="0" type="giBoolean" name="localized"/>
   <attribute value="BA_SCALE" type="giString" name="name"/>
   <attribute value="" type="giString" name="simDefault"/>
   <attribute value="used" type="giString" name="state"/>
   <attribute value="" type="giString" name="value"/>
  </object>
  <object type="saOption" name="options" version="1">
   <attribute value="no" type="giString" name="enabled"/>
   <attribute value="0" type="giBoolean" name="hasIntegrationDefault"/>
   <attribute value="0" type="giBoolean" name="localized"/>
   <attribute value="BA_GEOSHRINK" type="giString" name="name"/>
   <attribute value="" type="giString" name="simDefault"/>
   <attribute value="used" type="giString" name="state"/>
   <attribute value="" type="giString" name="value"/>
  </object>
  <object type="saOption" name="options" version="1">
   <attribute value="no" type="giString" name="enabled"/>
   <attribute value="0" type="giBoolean" name="hasIntegrationDefault"/>
   <attribute value="0" type="giBoolean" name="localized"/>
   <attribute value="BA_MERGEPORT" type="giString" name="name"/>
   <attribute value="1" type="giString" name="simDefault"/>
   <attribute value="used" type="giString" name="state"/>
   <attribute value="1" type="giString" name="value"/>
  </object>
  <object type="saOption" name="options" version="1">
   <attribute value="no" type="giString" name="enabled"/>
   <attribute value="0" type="giBoolean" name="hasIntegrationDefault"/>
   <attribute value="0" type="giBoolean" name="localized"/>
   <attribute value="BA_ADDPARAM" type="giString" name="name"/>
   <attribute value="" type="giString" name="simDefault"/>
   <attribute value="used" type="giString" name="state"/>
   <attribute value="" type="giString" name="value"/>
  </object>
  <object type="saOption" name="options" version="1">
   <attribute value="no" type="giString" name="enabled"/>
   <attribute value="0" type="giBoolean" name="hasIntegrationDefault"/>
   <attribute value="0" type="giBoolean" name="localized"/>
   <attribute value="BA_ERROR" type="giString" name="name"/>
   <attribute value="1" type="giString" name="simDefault"/>
   <attribute value="used" type="giString" name="state"/>
   <attribute value="1" type="giString" name="value"/>
  </object>
  <object type="saOption" name="options" version="1">
   <attribute value="no" type="giString" name="enabled"/>
   <attribute value="0" type="giBoolean" name="hasIntegrationDefault"/>
   <attribute value="0" type="giBoolean" name="localized"/>
   <attribute value="BA_PRINT" type="giString" name="name"/>
   <attribute value="IDEAL" type="giString" name="simDefault"/>
   <attribute value="used" type="giString" name="state"/>
   <attribute value="IDEAL" type="giString" name="value"/>
  </object>
  <object type="saOption" name="options" version="1">
   <attribute value="no" type="giString" name="enabled"/>
   <attribute value="0" type="giBoolean" name="hasIntegrationDefault"/>
   <attribute value="0" type="giBoolean" name="localized"/>
   <attribute value="BIASINTERVAL" type="giString" name="name"/>
   <attribute value="0" type="giString" name="simDefault"/>
   <attribute value="used" type="giString" name="state"/>
   <attribute value="0" type="giString" name="value"/>
  </object>
  <object type="saOption" name="options" version="1">
   <attribute value="no" type="giString" name="enabled"/>
   <attribute value="0" type="giBoolean" name="hasIntegrationDefault"/>
   <attribute value="0" type="giBoolean" name="localized"/>
   <attribute value="BIASNODE" type="giString" name="name"/>
   <attribute value="0" type="giString" name="simDefault"/>
   <attribute value="used" type="giString" name="state"/>
   <attribute value="0" type="giString" name="value"/>
  </object>
  <object type="saOption" name="options" version="1">
   <attribute value="no" type="giString" name="enabled"/>
   <attribute value="0" type="giBoolean" name="hasIntegrationDefault"/>
   <attribute value="0" type="giBoolean" name="localized"/>
   <attribute value="BIASPARALLEL" type="giString" name="name"/>
   <attribute value="0" type="giString" name="simDefault"/>
   <attribute value="used" type="giString" name="state"/>
   <attribute value="0" type="giString" name="value"/>
  </object>
  <object type="saOption" name="options" version="1">
   <attribute value="no" type="giString" name="enabled"/>
   <attribute value="0" type="giBoolean" name="hasIntegrationDefault"/>
   <attribute value="0" type="giBoolean" name="localized"/>
   <attribute value="BIAWARN" type="giString" name="name"/>
   <attribute value="0" type="giString" name="simDefault"/>
   <attribute value="used" type="giString" name="state"/>
   <attribute value="0" type="giString" name="value"/>
  </object>
  <object type="saOption" name="options" version="1">
   <attribute value="no" type="giString" name="enabled"/>
   <attribute value="0" type="giBoolean" name="hasIntegrationDefault"/>
   <attribute value="0" type="giBoolean" name="localized"/>
   <attribute value="BRIEF" type="giString" name="name"/>
   <attribute value="0" type="giString" name="simDefault"/>
   <attribute value="used" type="giString" name="state"/>
   <attribute value="0" type="giString" name="value"/>
  </object>
  <object type="saOption" name="options" version="1">
   <attribute value="no" type="giString" name="enabled"/>
   <attribute value="0" type="giBoolean" name="hasIntegrationDefault"/>
   <attribute value="0" type="giBoolean" name="localized"/>
   <attribute value="BYPASS" type="giString" name="name"/>
   <attribute value="2" type="giString" name="simDefault"/>
   <attribute value="forced" type="giString" name="state"/>
   <attribute value="2" type="giString" name="value"/>
  </object>
  <object type="saOption" name="options" version="1">
   <attribute value="no" type="giString" name="enabled"/>
   <attribute value="0" type="giBoolean" name="hasIntegrationDefault"/>
   <attribute value="0" type="giBoolean" name="localized"/>
   <attribute value="BYTOL" type="giString" name="name"/>
   <attribute value="100e-6" type="giString" name="simDefault"/>
   <attribute value="used" type="giString" name="state"/>
   <attribute value="100e-6" type="giString" name="value"/>
  </object>
  <object type="saOption" name="options" version="1">
   <attribute value="no" type="giString" name="enabled"/>
   <attribute value="0" type="giBoolean" name="hasIntegrationDefault"/>
   <attribute value="0" type="giBoolean" name="localized"/>
   <attribute value="CAPTAB" type="giString" name="name"/>
   <attribute value="0" type="giString" name="simDefault"/>
   <attribute value="used" type="giString" name="state"/>
   <attribute value="0" type="giString" name="value"/>
  </object>
  <object type="saOption" name="options" version="1">
   <attribute value="no" type="giString" name="enabled"/>
   <attribute value="0" type="giBoolean" name="hasIntegrationDefault"/>
   <attribute value="0" type="giBoolean" name="localized"/>
   <attribute value="CMIFLAG" type="giString" name="name"/>
   <attribute value="0" type="giString" name="simDefault"/>
   <attribute value="used" type="giString" name="state"/>
   <attribute value="0" type="giString" name="value"/>
  </object>
  <object type="saOption" name="options" version="1">
   <attribute value="no" type="giString" name="enabled"/>
   <attribute value="0" type="giBoolean" name="hasIntegrationDefault"/>
   <attribute value="0" type="giBoolean" name="localized"/>
   <attribute value="CMIVTH" type="giString" name="name"/>
   <attribute value="0" type="giString" name="simDefault"/>
   <attribute value="used" type="giString" name="state"/>
   <attribute value="0" type="giString" name="value"/>
  </object>
  <object type="saOption" name="options" version="1">
   <attribute value="no" type="giString" name="enabled"/>
   <attribute value="0" type="giBoolean" name="hasIntegrationDefault"/>
   <attribute value="0" type="giBoolean" name="localized"/>
   <attribute value="CONVERGE" type="giString" name="name"/>
   <attribute value="0" type="giString" name="simDefault"/>
   <attribute value="used" type="giString" name="state"/>
   <attribute value="0" type="giString" name="value"/>
  </object>
  <object type="saOption" name="options" version="1">
   <attribute value="no" type="giString" name="enabled"/>
   <attribute value="0" type="giBoolean" name="hasIntegrationDefault"/>
   <attribute value="0" type="giBoolean" name="localized"/>
   <attribute value="CSHDC" type="giString" name="name"/>
   <attribute value="1.00p" type="giString" name="simDefault"/>
   <attribute value="used" type="giString" name="state"/>
   <attribute value="1.00p" type="giString" name="value"/>
  </object>
  <object type="saOption" name="options" version="1">
   <attribute value="no" type="giString" name="enabled"/>
   <attribute value="0" type="giBoolean" name="hasIntegrationDefault"/>
   <attribute value="0" type="giBoolean" name="localized"/>
   <attribute value="CSHUNT" type="giString" name="name"/>
   <attribute value="0" type="giString" name="simDefault"/>
   <attribute value="used" type="giString" name="state"/>
   <attribute value="0" type="giString" name="value"/>
  </object>
  <object type="saOption" name="options" version="1">
   <attribute value="no" type="giString" name="enabled"/>
   <attribute value="0" type="giBoolean" name="hasIntegrationDefault"/>
   <attribute value="0" type="giBoolean" name="localized"/>
   <attribute value="CUSTCMI" type="giString" name="name"/>
   <attribute value="0" type="giString" name="simDefault"/>
   <attribute value="used" type="giString" name="state"/>
   <attribute value="0" type="giString" name="value"/>
  </object>
  <object type="saOption" name="options" version="1">
   <attribute value="no" type="giString" name="enabled"/>
   <attribute value="0" type="giBoolean" name="hasIntegrationDefault"/>
   <attribute value="0" type="giBoolean" name="localized"/>
   <attribute value="D_IBIS" type="giString" name="name"/>
   <attribute value="" type="giString" name="simDefault"/>
   <attribute value="used" type="giString" name="state"/>
   <attribute value="" type="giString" name="value"/>
  </object>
  <object type="saOption" name="options" version="1">
   <attribute value="no" type="giString" name="enabled"/>
   <attribute value="0" type="giBoolean" name="hasIntegrationDefault"/>
   <attribute value="0" type="giBoolean" name="localized"/>
   <attribute value="DCCAP" type="giString" name="name"/>
   <attribute value="0" type="giString" name="simDefault"/>
   <attribute value="used" type="giString" name="state"/>
   <attribute value="0" type="giString" name="value"/>
  </object>
  <object type="saOption" name="options" version="1">
   <attribute value="no" type="giString" name="enabled"/>
   <attribute value="0" type="giBoolean" name="hasIntegrationDefault"/>
   <attribute value="0" type="giBoolean" name="localized"/>
   <attribute value="DCIC" type="giString" name="name"/>
   <attribute value="1" type="giString" name="simDefault"/>
   <attribute value="used" type="giString" name="state"/>
   <attribute value="1" type="giString" name="value"/>
  </object>
  <object type="saOption" name="options" version="1">
   <attribute value="no" type="giString" name="enabled"/>
   <attribute value="0" type="giBoolean" name="hasIntegrationDefault"/>
   <attribute value="0" type="giBoolean" name="localized"/>
   <attribute value="DCON" type="giString" name="name"/>
   <attribute value="0" type="giString" name="simDefault"/>
   <attribute value="used" type="giString" name="state"/>
   <attribute value="0" type="giString" name="value"/>
  </object>
  <object type="saOption" name="options" version="1">
   <attribute value="no" type="giString" name="enabled"/>
   <attribute value="0" type="giBoolean" name="hasIntegrationDefault"/>
   <attribute value="0" type="giBoolean" name="localized"/>
   <attribute value="DCSTEP" type="giString" name="name"/>
   <attribute value="0" type="giString" name="simDefault"/>
   <attribute value="used" type="giString" name="state"/>
   <attribute value="0" type="giString" name="value"/>
  </object>
  <object type="saOption" name="options" version="1">
   <attribute value="no" type="giString" name="enabled"/>
   <attribute value="0" type="giBoolean" name="hasIntegrationDefault"/>
   <attribute value="0" type="giBoolean" name="localized"/>
   <attribute value="DELMAX" type="giString" name="name"/>
   <attribute value="" type="giString" name="simDefault"/>
   <attribute value="used" type="giString" name="state"/>
   <attribute value="" type="giString" name="value"/>
  </object>
  <object type="saOption" name="options" version="1">
   <attribute value="no" type="giString" name="enabled"/>
   <attribute value="0" type="giBoolean" name="hasIntegrationDefault"/>
   <attribute value="0" type="giBoolean" name="localized"/>
   <attribute value="DIAGNOSTIC" type="giString" name="name"/>
   <attribute value="1" type="giString" name="simDefault"/>
   <attribute value="used" type="giString" name="state"/>
   <attribute value="1" type="giString" name="value"/>
  </object>
  <object type="saOption" name="options" version="1">
   <attribute value="no" type="giString" name="enabled"/>
   <attribute value="0" type="giBoolean" name="hasIntegrationDefault"/>
   <attribute value="0" type="giBoolean" name="localized"/>
   <attribute value="DV" type="giString" name="name"/>
   <attribute value="1000" type="giString" name="simDefault"/>
   <attribute value="used" type="giString" name="state"/>
   <attribute value="1000" type="giString" name="value"/>
  </object>
  <object type="saOption" name="options" version="1">
   <attribute value="no" type="giString" name="enabled"/>
   <attribute value="0" type="giBoolean" name="hasIntegrationDefault"/>
   <attribute value="0" type="giBoolean" name="localized"/>
   <attribute value="EXT_OP" type="giString" name="name"/>
   <attribute value="0" type="giString" name="simDefault"/>
   <attribute value="used" type="giString" name="state"/>
   <attribute value="0" type="giString" name="value"/>
  </object>
  <object type="saOption" name="options" version="1">
   <attribute value="no" type="giString" name="enabled"/>
   <attribute value="0" type="giBoolean" name="hasIntegrationDefault"/>
   <attribute value="0" type="giBoolean" name="localized"/>
   <attribute value="FFTOUT" type="giString" name="name"/>
   <attribute value="0" type="giString" name="simDefault"/>
   <attribute value="used" type="giString" name="state"/>
   <attribute value="0" type="giString" name="value"/>
  </object>
  <object type="saOption" name="options" version="1">
   <attribute value="no" type="giString" name="enabled"/>
   <attribute value="0" type="giBoolean" name="hasIntegrationDefault"/>
   <attribute value="0" type="giBoolean" name="localized"/>
   <attribute value="FMAX" type="giString" name="name"/>
   <attribute value="1e12" type="giString" name="simDefault"/>
   <attribute value="used" type="giString" name="state"/>
   <attribute value="1e12" type="giString" name="value"/>
  </object>
  <object type="saOption" name="options" version="1">
   <attribute value="off" type="giString" name="enabled"/>
   <attribute value="0" type="giBoolean" name="hasIntegrationDefault"/>
   <attribute value="0" type="giBoolean" name="localized"/>
   <attribute value="GDCPATH" type="giString" name="name"/>
   <attribute value="1e-15" type="giString" name="simDefault"/>
   <attribute value="used" type="giString" name="state"/>
   <attribute value="1e-15" type="giString" name="value"/>
  </object>
  <object type="saOption" name="options" version="1">
   <attribute value="no" type="giString" name="enabled"/>
   <attribute value="0" type="giBoolean" name="hasIntegrationDefault"/>
   <attribute value="0" type="giBoolean" name="localized"/>
   <attribute value="GENK" type="giString" name="name"/>
   <attribute value="1" type="giString" name="simDefault"/>
   <attribute value="used" type="giString" name="state"/>
   <attribute value="1" type="giString" name="value"/>
  </object>
  <object type="saOption" name="options" version="1">
   <attribute value="no" type="giString" name="enabled"/>
   <attribute value="0" type="giBoolean" name="hasIntegrationDefault"/>
   <attribute value="0" type="giBoolean" name="localized"/>
   <attribute value="GMIN" type="giString" name="name"/>
   <attribute value="1e-12" type="giString" name="simDefault"/>
   <attribute value="used" type="giString" name="state"/>
   <attribute value="1e-12" type="giString" name="value"/>
  </object>
  <object type="saOption" name="options" version="1">
   <attribute value="no" type="giString" name="enabled"/>
   <attribute value="0" type="giBoolean" name="hasIntegrationDefault"/>
   <attribute value="0" type="giBoolean" name="localized"/>
   <attribute value="GMINDC" type="giString" name="name"/>
   <attribute value="1e-12" type="giString" name="simDefault"/>
   <attribute value="used" type="giString" name="state"/>
   <attribute value="1e-12" type="giString" name="value"/>
  </object>
  <object type="saOption" name="options" version="1">
   <attribute value="no" type="giString" name="enabled"/>
   <attribute value="0" type="giBoolean" name="hasIntegrationDefault"/>
   <attribute value="0" type="giBoolean" name="localized"/>
   <attribute value="GRAMP" type="giString" name="name"/>
   <attribute value="0" type="giString" name="simDefault"/>
   <attribute value="used" type="giString" name="state"/>
   <attribute value="0" type="giString" name="value"/>
  </object>
  <object type="saOption" name="options" version="1">
   <attribute value="no" type="giString" name="enabled"/>
   <attribute value="0" type="giBoolean" name="hasIntegrationDefault"/>
   <attribute value="0" type="giBoolean" name="localized"/>
   <attribute value="GSHDC" type="giString" name="name"/>
   <attribute value="0" type="giString" name="simDefault"/>
   <attribute value="used" type="giString" name="state"/>
   <attribute value="0" type="giString" name="value"/>
  </object>
  <object type="saOption" name="options" version="1">
   <attribute value="no" type="giString" name="enabled"/>
   <attribute value="0" type="giBoolean" name="hasIntegrationDefault"/>
   <attribute value="0" type="giBoolean" name="localized"/>
   <attribute value="GSHUNT" type="giString" name="name"/>
   <attribute value="0" type="giString" name="simDefault"/>
   <attribute value="used" type="giString" name="state"/>
   <attribute value="0" type="giString" name="value"/>
  </object>
  <object type="saOption" name="options" version="1">
   <attribute value="no" type="giString" name="enabled"/>
   <attribute value="0" type="giBoolean" name="hasIntegrationDefault"/>
   <attribute value="0" type="giBoolean" name="localized"/>
   <attribute value="HIER_SCALE" type="giString" name="name"/>
   <attribute value="0" type="giString" name="simDefault"/>
   <attribute value="used" type="giString" name="state"/>
   <attribute value="0" type="giString" name="value"/>
  </object>
  <object type="saOption" name="options" version="1">
   <attribute value="no" type="giString" name="enabled"/>
   <attribute value="0" type="giBoolean" name="hasIntegrationDefault"/>
   <attribute value="0" type="giBoolean" name="localized"/>
   <attribute value="ICSWEEP" type="giString" name="name"/>
   <attribute value="1" type="giString" name="simDefault"/>
   <attribute value="used" type="giString" name="state"/>
   <attribute value="1" type="giString" name="value"/>
  </object>
  <object type="saOption" name="options" version="1">
   <attribute value="no" type="giString" name="enabled"/>
   <attribute value="0" type="giBoolean" name="hasIntegrationDefault"/>
   <attribute value="0" type="giBoolean" name="localized"/>
   <attribute value="INGOLD" type="giString" name="name"/>
   <attribute value="0" type="giString" name="simDefault"/>
   <attribute value="used" type="giString" name="state"/>
   <attribute value="0" type="giString" name="value"/>
  </object>
  <object type="saOption" name="options" version="1">
   <attribute value="no" type="giString" name="enabled"/>
   <attribute value="0" type="giBoolean" name="hasIntegrationDefault"/>
   <attribute value="0" type="giBoolean" name="localized"/>
   <attribute value="ITL1" type="giString" name="name"/>
   <attribute value="200" type="giString" name="simDefault"/>
   <attribute value="used" type="giString" name="state"/>
   <attribute value="200" type="giString" name="value"/>
  </object>
  <object type="saOption" name="options" version="1">
   <attribute value="no" type="giString" name="enabled"/>
   <attribute value="0" type="giBoolean" name="hasIntegrationDefault"/>
   <attribute value="0" type="giBoolean" name="localized"/>
   <attribute value="ITL2" type="giString" name="name"/>
   <attribute value="50" type="giString" name="simDefault"/>
   <attribute value="used" type="giString" name="state"/>
   <attribute value="50" type="giString" name="value"/>
  </object>
  <object type="saOption" name="options" version="1">
   <attribute value="no" type="giString" name="enabled"/>
   <attribute value="0" type="giBoolean" name="hasIntegrationDefault"/>
   <attribute value="0" type="giBoolean" name="localized"/>
   <attribute value="ITLPTRAN" type="giString" name="name"/>
   <attribute value="30" type="giString" name="simDefault"/>
   <attribute value="used" type="giString" name="state"/>
   <attribute value="30" type="giString" name="value"/>
  </object>
  <object type="saOption" name="options" version="1">
   <attribute value="no" type="giString" name="enabled"/>
   <attribute value="0" type="giBoolean" name="hasIntegrationDefault"/>
   <attribute value="0" type="giBoolean" name="localized"/>
   <attribute value="ITLPZ" type="giString" name="name"/>
   <attribute value="100" type="giString" name="simDefault"/>
   <attribute value="used" type="giString" name="state"/>
   <attribute value="100" type="giString" name="value"/>
  </object>
  <object type="saOption" name="options" version="1">
   <attribute value="no" type="giString" name="enabled"/>
   <attribute value="0" type="giBoolean" name="hasIntegrationDefault"/>
   <attribute value="0" type="giBoolean" name="localized"/>
   <attribute value="IVTH" type="giString" name="name"/>
   <attribute value="0" type="giString" name="simDefault"/>
   <attribute value="used" type="giString" name="state"/>
   <attribute value="0" type="giString" name="value"/>
  </object>
  <object type="saOption" name="options" version="1">
   <attribute value="no" type="giString" name="enabled"/>
   <attribute value="0" type="giBoolean" name="hasIntegrationDefault"/>
   <attribute value="0" type="giBoolean" name="localized"/>
   <attribute value="IVTHN" type="giString" name="name"/>
   <attribute value="0" type="giString" name="simDefault"/>
   <attribute value="used" type="giString" name="state"/>
   <attribute value="0" type="giString" name="value"/>
  </object>
  <object type="saOption" name="options" version="1">
   <attribute value="no" type="giString" name="enabled"/>
   <attribute value="0" type="giBoolean" name="hasIntegrationDefault"/>
   <attribute value="0" type="giBoolean" name="localized"/>
   <attribute value="IVTHP" type="giString" name="name"/>
   <attribute value="0" type="giString" name="simDefault"/>
   <attribute value="used" type="giString" name="state"/>
   <attribute value="0" type="giString" name="value"/>
  </object>
  <object type="saOption" name="options" version="1">
   <attribute value="no" type="giString" name="enabled"/>
   <attribute value="0" type="giBoolean" name="hasIntegrationDefault"/>
   <attribute value="0" type="giBoolean" name="localized"/>
   <attribute value="KCLTEST" type="giString" name="name"/>
   <attribute value="0" type="giString" name="simDefault"/>
   <attribute value="used" type="giString" name="state"/>
   <attribute value="0" type="giString" name="value"/>
  </object>
  <object type="saOption" name="options" version="1">
   <attribute value="no" type="giString" name="enabled"/>
   <attribute value="0" type="giBoolean" name="hasIntegrationDefault"/>
   <attribute value="0" type="giBoolean" name="localized"/>
   <attribute value="LA_FREQ" type="giString" name="name"/>
   <attribute value="1e9" type="giString" name="simDefault"/>
   <attribute value="used" type="giString" name="state"/>
   <attribute value="1e9" type="giString" name="value"/>
  </object>
  <object type="saOption" name="options" version="1">
   <attribute value="no" type="giString" name="enabled"/>
   <attribute value="0" type="giBoolean" name="hasIntegrationDefault"/>
   <attribute value="0" type="giBoolean" name="localized"/>
   <attribute value="LA_MAXR" type="giString" name="name"/>
   <attribute value="1e15" type="giString" name="simDefault"/>
   <attribute value="used" type="giString" name="state"/>
   <attribute value="1e15" type="giString" name="value"/>
  </object>
  <object type="saOption" name="options" version="1">
   <attribute value="no" type="giString" name="enabled"/>
   <attribute value="0" type="giBoolean" name="hasIntegrationDefault"/>
   <attribute value="0" type="giBoolean" name="localized"/>
   <attribute value="LA_MINC" type="giString" name="name"/>
   <attribute value="1e-16" type="giString" name="simDefault"/>
   <attribute value="used" type="giString" name="state"/>
   <attribute value="1e-16" type="giString" name="value"/>
  </object>
  <object type="saOption" name="options" version="1">
   <attribute value="no" type="giString" name="enabled"/>
   <attribute value="0" type="giBoolean" name="hasIntegrationDefault"/>
   <attribute value="0" type="giBoolean" name="localized"/>
   <attribute value="LA_TIME" type="giString" name="name"/>
   <attribute value="1e-09" type="giString" name="simDefault"/>
   <attribute value="used" type="giString" name="state"/>
   <attribute value="1e-09" type="giString" name="value"/>
  </object>
  <object type="saOption" name="options" version="1">
   <attribute value="no" type="giString" name="enabled"/>
   <attribute value="0" type="giBoolean" name="hasIntegrationDefault"/>
   <attribute value="0" type="giBoolean" name="localized"/>
   <attribute value="LA_TOL" type="giString" name="name"/>
   <attribute value="0.05" type="giString" name="simDefault"/>
   <attribute value="used" type="giString" name="state"/>
   <attribute value="0.05" type="giString" name="value"/>
  </object>
  <object type="saOption" name="options" version="1">
   <attribute value="no" type="giString" name="enabled"/>
   <attribute value="0" type="giBoolean" name="hasIntegrationDefault"/>
   <attribute value="0" type="giBoolean" name="localized"/>
   <attribute value="LENNAM" type="giString" name="name"/>
   <attribute value="16" type="giString" name="simDefault"/>
   <attribute value="used" type="giString" name="state"/>
   <attribute value="16" type="giString" name="value"/>
  </object>
  <object type="saOption" name="options" version="1">
   <attribute value="no" type="giString" name="enabled"/>
   <attribute value="0" type="giBoolean" name="hasIntegrationDefault"/>
   <attribute value="0" type="giBoolean" name="localized"/>
   <attribute value="LIS_NEW" type="giString" name="name"/>
   <attribute value="0" type="giString" name="simDefault"/>
   <attribute value="used" type="giString" name="state"/>
   <attribute value="0" type="giString" name="value"/>
  </object>
  <object type="saOption" name="options" version="1">
   <attribute value="no" type="giString" name="enabled"/>
   <attribute value="0" type="giBoolean" name="hasIntegrationDefault"/>
   <attribute value="0" type="giBoolean" name="localized"/>
   <attribute value="LIST" type="giString" name="name"/>
   <attribute value="0" type="giString" name="simDefault"/>
   <attribute value="used" type="giString" name="state"/>
   <attribute value="0" type="giString" name="value"/>
  </object>
  <object type="saOption" name="options" version="1">
   <attribute value="no" type="giString" name="enabled"/>
   <attribute value="0" type="giBoolean" name="hasIntegrationDefault"/>
   <attribute value="0" type="giBoolean" name="localized"/>
   <attribute value="MACMOD" type="giString" name="name"/>
   <attribute value="0" type="giString" name="simDefault"/>
   <attribute value="used" type="giString" name="state"/>
   <attribute value="0" type="giString" name="value"/>
  </object>
  <object type="saOption" name="options" version="1">
   <attribute value="no" type="giString" name="enabled"/>
   <attribute value="0" type="giBoolean" name="hasIntegrationDefault"/>
   <attribute value="0" type="giBoolean" name="localized"/>
   <attribute value="MAXORD" type="giString" name="name"/>
   <attribute value="2" type="giString" name="simDefault"/>
   <attribute value="used" type="giString" name="state"/>
   <attribute value="2" type="giString" name="value"/>
  </object>
  <object type="saOption" name="options" version="1">
   <attribute value="no" type="giString" name="enabled"/>
   <attribute value="0" type="giBoolean" name="hasIntegrationDefault"/>
   <attribute value="0" type="giBoolean" name="localized"/>
   <attribute value="MAXWARNS" type="giString" name="name"/>
   <attribute value="5" type="giString" name="simDefault"/>
   <attribute value="used" type="giString" name="state"/>
   <attribute value="5" type="giString" name="value"/>
  </object>
  <object type="saOption" name="options" version="1">
   <attribute value="no" type="giString" name="enabled"/>
   <attribute value="0" type="giBoolean" name="hasIntegrationDefault"/>
   <attribute value="0" type="giBoolean" name="localized"/>
   <attribute value="MCBRIEF" type="giString" name="name"/>
   <attribute value="2" type="giString" name="simDefault"/>
   <attribute value="used" type="giString" name="state"/>
   <attribute value="2" type="giString" name="value"/>
  </object>
  <object type="saOption" name="options" version="1">
   <attribute value="no" type="giString" name="enabled"/>
   <attribute value="0" type="giBoolean" name="hasIntegrationDefault"/>
   <attribute value="0" type="giBoolean" name="localized"/>
   <attribute value="SENSITIVITY_ANALYSIS" type="giString" name="name"/>
   <attribute value="1" type="giString" name="simDefault"/>
   <attribute value="used" type="giString" name="state"/>
   <attribute value="1" type="giString" name="value"/>
  </object>
  <object type="saOption" name="options" version="1">
   <attribute value="no" type="giString" name="enabled"/>
   <attribute value="0" type="giBoolean" name="hasIntegrationDefault"/>
   <attribute value="0" type="giBoolean" name="localized"/>
   <attribute value="MC_FILE_ONLY" type="giString" name="name"/>
   <attribute value="0" type="giString" name="simDefault"/>
   <attribute value="used" type="giString" name="state"/>
   <attribute value="0" type="giString" name="value"/>
  </object>
  <object type="saOption" name="options" version="1">
   <attribute value="no" type="giString" name="enabled"/>
   <attribute value="0" type="giBoolean" name="hasIntegrationDefault"/>
   <attribute value="0" type="giBoolean" name="localized"/>
   <attribute value="MEASDGT" type="giString" name="name"/>
   <attribute value="4" type="giString" name="simDefault"/>
   <attribute value="used" type="giString" name="state"/>
   <attribute value="4" type="giString" name="value"/>
  </object>
  <object type="saOption" name="options" version="1">
   <attribute value="no" type="giString" name="enabled"/>
   <attribute value="0" type="giBoolean" name="hasIntegrationDefault"/>
   <attribute value="0" type="giBoolean" name="localized"/>
   <attribute value="MEASFILE" type="giString" name="name"/>
   <attribute value="0" type="giString" name="simDefault"/>
   <attribute value="used" type="giString" name="state"/>
   <attribute value="0" type="giString" name="value"/>
  </object>
  <object type="saOption" name="options" version="1">
   <attribute value="no" type="giString" name="enabled"/>
   <attribute value="0" type="giBoolean" name="hasIntegrationDefault"/>
   <attribute value="0" type="giBoolean" name="localized"/>
   <attribute value="MEASOUT" type="giString" name="name"/>
   <attribute value="0" type="giString" name="simDefault"/>
   <attribute value="used" type="giString" name="state"/>
   <attribute value="0" type="giString" name="value"/>
  </object>
  <object type="saOption" name="options" version="1">
   <attribute value="no" type="giString" name="enabled"/>
   <attribute value="0" type="giBoolean" name="hasIntegrationDefault"/>
   <attribute value="0" type="giBoolean" name="localized"/>
   <attribute value="METHOD" type="giString" name="name"/>
   <attribute value="TRAP" type="giString" name="simDefault"/>
   <attribute value="used" type="giString" name="state"/>
   <attribute value="TRAP" type="giString" name="value"/>
  </object>
  <object type="saOption" name="options" version="1">
   <attribute value="no" type="giString" name="enabled"/>
   <attribute value="0" type="giBoolean" name="hasIntegrationDefault"/>
   <attribute value="0" type="giBoolean" name="localized"/>
   <attribute value="MODSRH" type="giString" name="name"/>
   <attribute value="0" type="giString" name="simDefault"/>
   <attribute value="used" type="giString" name="state"/>
   <attribute value="0" type="giString" name="value"/>
  </object>
  <object type="saOption" name="options" version="1">
   <attribute value="no" type="giString" name="enabled"/>
   <attribute value="0" type="giBoolean" name="hasIntegrationDefault"/>
   <attribute value="0" type="giBoolean" name="localized"/>
   <attribute value="MODMONTE" type="giString" name="name"/>
   <attribute value="0" type="giString" name="simDefault"/>
   <attribute value="used" type="giString" name="state"/>
   <attribute value="0" type="giString" name="value"/>
  </object>
  <object type="saOption" name="options" version="1">
   <attribute value="no" type="giString" name="enabled"/>
   <attribute value="0" type="giBoolean" name="hasIntegrationDefault"/>
   <attribute value="0" type="giBoolean" name="localized"/>
   <attribute value="MONTECON" type="giString" name="name"/>
   <attribute value="1" type="giString" name="simDefault"/>
   <attribute value="used" type="giString" name="state"/>
   <attribute value="1" type="giString" name="value"/>
  </object>
  <object type="saOption" name="options" version="1">
   <attribute value="no" type="giString" name="enabled"/>
   <attribute value="0" type="giBoolean" name="hasIntegrationDefault"/>
   <attribute value="0" type="giBoolean" name="localized"/>
   <attribute value="NEW_SOA" type="giString" name="name"/>
   <attribute value="0" type="giString" name="simDefault"/>
   <attribute value="used" type="giString" name="state"/>
   <attribute value="0" type="giString" name="value"/>
  </object>
  <object type="saOption" name="options" version="1">
   <attribute value="no" type="giString" name="enabled"/>
   <attribute value="0" type="giBoolean" name="hasIntegrationDefault"/>
   <attribute value="0" type="giBoolean" name="localized"/>
   <attribute value="NODE" type="giString" name="name"/>
   <attribute value="0" type="giString" name="simDefault"/>
   <attribute value="used" type="giString" name="state"/>
   <attribute value="0" type="giString" name="value"/>
  </object>
  <object type="saOption" name="options" version="1">
   <attribute value="no" type="giString" name="enabled"/>
   <attribute value="0" type="giBoolean" name="hasIntegrationDefault"/>
   <attribute value="0" type="giBoolean" name="localized"/>
   <attribute value="NOMOD" type="giString" name="name"/>
   <attribute value="0" type="giString" name="simDefault"/>
   <attribute value="used" type="giString" name="state"/>
   <attribute value="0" type="giString" name="value"/>
  </object>
  <object type="saOption" name="options" version="1">
   <attribute value="no" type="giString" name="enabled"/>
   <attribute value="0" type="giBoolean" name="hasIntegrationDefault"/>
   <attribute value="0" type="giBoolean" name="localized"/>
   <attribute value="NUMDGT" type="giString" name="name"/>
   <attribute value="4" type="giString" name="simDefault"/>
   <attribute value="used" type="giString" name="state"/>
   <attribute value="4" type="giString" name="value"/>
  </object>
  <object type="saOption" name="options" version="1">
   <attribute value="no" type="giString" name="enabled"/>
   <attribute value="0" type="giBoolean" name="hasIntegrationDefault"/>
   <attribute value="0" type="giBoolean" name="localized"/>
   <attribute value="OPFILE" type="giString" name="name"/>
   <attribute value="1" type="giString" name="simDefault"/>
   <attribute value="used" type="giString" name="state"/>
   <attribute value="1" type="giString" name="value"/>
  </object>
  <object type="saOption" name="options" version="1">
   <attribute value="no" type="giString" name="enabled"/>
   <attribute value="0" type="giBoolean" name="hasIntegrationDefault"/>
   <attribute value="0" type="giBoolean" name="localized"/>
   <attribute value="PIVOT" type="giString" name="name"/>
   <attribute value="0" type="giString" name="simDefault"/>
   <attribute value="used" type="giString" name="state"/>
   <attribute value="0" type="giString" name="value"/>
  </object>
  <object type="saOption" name="options" version="1">
   <attribute value="no" type="giString" name="enabled"/>
   <attribute value="1" type="giBoolean" name="hasIntegrationDefault"/>
   <attribute value="0" type="giBoolean" name="localized"/>
   <attribute value="PORT_VOLTAGE_SCALE_TO_2X" type="giString" name="name"/>
   <attribute value="0" type="giString" name="simDefault"/>
   <attribute value="used" type="giString" name="state"/>
   <attribute value="1" type="giString" name="value"/>
  </object>
  <object type="saOption" name="options" version="1">
   <attribute value="no" type="giString" name="enabled"/>
   <attribute value="0" type="giBoolean" name="hasIntegrationDefault"/>
   <attribute value="0" type="giBoolean" name="localized"/>
   <attribute value="POST_VERSION" type="giString" name="name"/>
   <attribute value="2013" type="giString" name="simDefault"/>
   <attribute value="used" type="giString" name="state"/>
   <attribute value="2013" type="giString" name="value"/>
  </object>
  <object type="saOption" name="options" version="1">
   <attribute value="no" type="giString" name="enabled"/>
   <attribute value="0" type="giBoolean" name="hasIntegrationDefault"/>
   <attribute value="0" type="giBoolean" name="localized"/>
   <attribute value="PURETP" type="giString" name="name"/>
   <attribute value="0" type="giString" name="simDefault"/>
   <attribute value="used" type="giString" name="state"/>
   <attribute value="0" type="giString" name="value"/>
  </object>
  <object type="saOption" name="options" version="1">
   <attribute value="no" type="giString" name="enabled"/>
   <attribute value="0" type="giBoolean" name="hasIntegrationDefault"/>
   <attribute value="0" type="giBoolean" name="localized"/>
   <attribute value="PUTMEAS" type="giString" name="name"/>
   <attribute value="1" type="giString" name="simDefault"/>
   <attribute value="used" type="giString" name="state"/>
   <attribute value="1" type="giString" name="value"/>
  </object>
  <object type="saOption" name="options" version="1">
   <attribute value="no" type="giString" name="enabled"/>
   <attribute value="0" type="giBoolean" name="hasIntegrationDefault"/>
   <attribute value="0" type="giBoolean" name="localized"/>
   <attribute value="RELMOS" type="giString" name="name"/>
   <attribute value="50e-3" type="giString" name="simDefault"/>
   <attribute value="used" type="giString" name="state"/>
   <attribute value="50e-3" type="giString" name="value"/>
  </object>
  <object type="saOption" name="options" version="1">
   <attribute value="no" type="giString" name="enabled"/>
   <attribute value="0" type="giBoolean" name="hasIntegrationDefault"/>
   <attribute value="0" type="giBoolean" name="localized"/>
   <attribute value="RELTOL" type="giString" name="name"/>
   <attribute value="1e-3" type="giString" name="simDefault"/>
   <attribute value="forced" type="giString" name="state"/>
   <attribute value="1e-3" type="giString" name="value"/>
  </object>
  <object type="saOption" name="options" version="1">
   <attribute value="no" type="giString" name="enabled"/>
   <attribute value="0" type="giBoolean" name="hasIntegrationDefault"/>
   <attribute value="0" type="giBoolean" name="localized"/>
   <attribute value="RELVDC" type="giString" name="name"/>
   <attribute value="1e-3" type="giString" name="simDefault"/>
   <attribute value="ignored" type="giString" name="state"/>
   <attribute value="1e-3" type="giString" name="value"/>
  </object>
  <object type="saOption" name="options" version="1">
   <attribute value="no" type="giString" name="enabled"/>
   <attribute value="0" type="giBoolean" name="hasIntegrationDefault"/>
   <attribute value="0" type="giBoolean" name="localized"/>
   <attribute value="RESMIN" type="giString" name="name"/>
   <attribute value="10e-6" type="giString" name="simDefault"/>
   <attribute value="used" type="giString" name="state"/>
   <attribute value="10e-6" type="giString" name="value"/>
  </object>
  <object type="saOption" name="options" version="1">
   <attribute value="no" type="giString" name="enabled"/>
   <attribute value="0" type="giBoolean" name="hasIntegrationDefault"/>
   <attribute value="0" type="giBoolean" name="localized"/>
   <attribute value="RUNLVL" type="giString" name="name"/>
   <attribute value="3" type="giString" name="simDefault"/>
   <attribute value="used" type="giString" name="state"/>
   <attribute value="3" type="giString" name="value"/>
  </object>
  <object type="saOption" name="options" version="1">
   <attribute value="no" type="giString" name="enabled"/>
   <attribute value="0" type="giBoolean" name="hasIntegrationDefault"/>
   <attribute value="0" type="giBoolean" name="localized"/>
   <attribute value="saetablefmt" type="giString" name="name"/>
   <attribute value="1" type="giString" name="simDefault"/>
   <attribute value="used" type="giString" name="state"/>
   <attribute value="1" type="giString" name="value"/>
  </object>
  <object type="saOption" name="options" version="1">
   <attribute value="no" type="giString" name="enabled"/>
   <attribute value="0" type="giBoolean" name="hasIntegrationDefault"/>
   <attribute value="0" type="giBoolean" name="localized"/>
   <attribute value="SCALE" type="giString" name="name"/>
   <attribute value="1.00" type="giString" name="simDefault"/>
   <attribute value="used" type="giString" name="state"/>
   <attribute value="1.00" type="giString" name="value"/>
  </object>
  <object type="saOption" name="options" version="1">
   <attribute value="no" type="giString" name="enabled"/>
   <attribute value="0" type="giBoolean" name="hasIntegrationDefault"/>
   <attribute value="0" type="giBoolean" name="localized"/>
   <attribute value="SCALM" type="giString" name="name"/>
   <attribute value="1" type="giString" name="simDefault"/>
   <attribute value="used" type="giString" name="state"/>
   <attribute value="1" type="giString" name="value"/>
  </object>
  <object type="saOption" name="options" version="1">
   <attribute value="no" type="giString" name="enabled"/>
   <attribute value="0" type="giBoolean" name="hasIntegrationDefault"/>
   <attribute value="0" type="giBoolean" name="localized"/>
   <attribute value="SIM_ACCURACY" type="giString" name="name"/>
   <attribute value="" type="giString" name="simDefault"/>
   <attribute value="used" type="giString" name="state"/>
   <attribute value="" type="giString" name="value"/>
  </object>
  <object type="saOption" name="options" version="1">
   <attribute value="no" type="giString" name="enabled"/>
   <attribute value="0" type="giBoolean" name="hasIntegrationDefault"/>
   <attribute value="0" type="giBoolean" name="localized"/>
   <attribute value="SIM_LA" type="giString" name="name"/>
   <attribute value="1" type="giString" name="simDefault"/>
   <attribute value="used" type="giString" name="state"/>
   <attribute value="1" type="giString" name="value"/>
  </object>
  <object type="saOption" name="options" version="1">
   <attribute value="no" type="giString" name="enabled"/>
   <attribute value="0" type="giBoolean" name="hasIntegrationDefault"/>
   <attribute value="0" type="giBoolean" name="localized"/>
   <attribute value="SPLIT_DP" type="giString" name="name"/>
   <attribute value="1" type="giString" name="simDefault"/>
   <attribute value="used" type="giString" name="state"/>
   <attribute value="1" type="giString" name="value"/>
  </object>
  <object type="saOption" name="options" version="1">
   <attribute value="no" type="giString" name="enabled"/>
   <attribute value="0" type="giBoolean" name="hasIntegrationDefault"/>
   <attribute value="0" type="giBoolean" name="localized"/>
   <attribute value="SYMB" type="giString" name="name"/>
   <attribute value="0" type="giString" name="simDefault"/>
   <attribute value="used" type="giString" name="state"/>
   <attribute value="0" type="giString" name="value"/>
  </object>
  <object type="saOption" name="options" version="1">
   <attribute value="no" type="giString" name="enabled"/>
   <attribute value="0" type="giBoolean" name="hasIntegrationDefault"/>
   <attribute value="0" type="giBoolean" name="localized"/>
   <attribute value="TNOM" type="giString" name="name"/>
   <attribute value="25" type="giString" name="simDefault"/>
   <attribute value="used" type="giString" name="state"/>
   <attribute value="25" type="giString" name="value"/>
  </object>
  <object type="saOption" name="options" version="1">
   <attribute value="no" type="giString" name="enabled"/>
   <attribute value="0" type="giBoolean" name="hasIntegrationDefault"/>
   <attribute value="0" type="giBoolean" name="localized"/>
   <attribute value="UNWRAP" type="giString" name="name"/>
   <attribute value="0" type="giString" name="simDefault"/>
   <attribute value="used" type="giString" name="state"/>
   <attribute value="0" type="giString" name="value"/>
  </object>
  <object type="saOption" name="options" version="1">
   <attribute value="no" type="giString" name="enabled"/>
   <attribute value="0" type="giBoolean" name="hasIntegrationDefault"/>
   <attribute value="0" type="giBoolean" name="localized"/>
   <attribute value="WACC" type="giString" name="name"/>
   <attribute value="" type="giString" name="simDefault"/>
   <attribute value="used" type="giString" name="state"/>
   <attribute value="" type="giString" name="value"/>
  </object>
  <object type="saOption" name="options" version="1">
   <attribute value="no" type="giString" name="enabled"/>
   <attribute value="0" type="giBoolean" name="hasIntegrationDefault"/>
   <attribute value="0" type="giBoolean" name="localized"/>
   <attribute value="WARN" type="giString" name="name"/>
   <attribute value="0" type="giString" name="simDefault"/>
   <attribute value="used" type="giString" name="state"/>
   <attribute value="0" type="giString" name="value"/>
  </object>
  <object type="saOption" name="options" version="1">
   <attribute value="no" type="giString" name="enabled"/>
   <attribute value="0" type="giBoolean" name="hasIntegrationDefault"/>
   <attribute value="0" type="giBoolean" name="localized"/>
   <attribute value="WL" type="giString" name="name"/>
   <attribute value="0" type="giString" name="simDefault"/>
   <attribute value="used" type="giString" name="state"/>
   <attribute value="0" type="giString" name="value"/>
  </object>
  <object type="saOption" name="options" version="1">
   <attribute value="no" type="giString" name="enabled"/>
   <attribute value="0" type="giBoolean" name="hasIntegrationDefault"/>
   <attribute value="0" type="giBoolean" name="localized"/>
   <attribute value="WNFLAG" type="giString" name="name"/>
   <attribute value="1" type="giString" name="simDefault"/>
   <attribute value="used" type="giString" name="state"/>
   <attribute value="1" type="giString" name="value"/>
  </object>
  <object type="saOption" name="options" version="1">
   <attribute value="no" type="giString" name="enabled"/>
   <attribute value="0" type="giBoolean" name="hasIntegrationDefault"/>
   <attribute value="0" type="giBoolean" name="localized"/>
   <attribute value="XDTEMP" type="giString" name="name"/>
   <attribute value="0" type="giString" name="simDefault"/>
   <attribute value="used" type="giString" name="state"/>
   <attribute value="0" type="giString" name="value"/>
  </object>
  <object type="saOption" name="options" version="1">
   <attribute value="no" type="giString" name="enabled"/>
   <attribute value="0" type="giBoolean" name="hasIntegrationDefault"/>
   <attribute value="0" type="giBoolean" name="localized"/>
   <attribute value="HBACKRYLOVDIM" type="giString" name="name"/>
   <attribute value="300" type="giString" name="simDefault"/>
   <attribute value="used" type="giString" name="state"/>
   <attribute value="300" type="giString" name="value"/>
  </object>
  <object type="saOption" name="options" version="1">
   <attribute value="no" type="giString" name="enabled"/>
   <attribute value="0" type="giBoolean" name="hasIntegrationDefault"/>
   <attribute value="0" type="giBoolean" name="localized"/>
   <attribute value="HBKRYLOVDIM" type="giString" name="name"/>
   <attribute value="40" type="giString" name="simDefault"/>
   <attribute value="used" type="giString" name="state"/>
   <attribute value="40" type="giString" name="value"/>
  </object>
  <object type="saOption" name="options" version="1">
   <attribute value="no" type="giString" name="enabled"/>
   <attribute value="0" type="giBoolean" name="hasIntegrationDefault"/>
   <attribute value="0" type="giBoolean" name="localized"/>
   <attribute value="HBTOL" type="giString" name="name"/>
   <attribute value="1.e-9" type="giString" name="simDefault"/>
   <attribute value="used" type="giString" name="state"/>
   <attribute value="1.e-9" type="giString" name="value"/>
  </object>
  <object type="saOption" name="options" version="1">
   <attribute value="no" type="giString" name="enabled"/>
   <attribute value="0" type="giBoolean" name="hasIntegrationDefault"/>
   <attribute value="0" type="giBoolean" name="localized"/>
   <attribute value="HBACKRYLOVITER" type="giString" name="name"/>
   <attribute value="1000" type="giString" name="simDefault"/>
   <attribute value="used" type="giString" name="state"/>
   <attribute value="1000" type="giString" name="value"/>
  </object>
  <object type="saOption" name="options" version="1">
   <attribute value="no" type="giString" name="enabled"/>
   <attribute value="0" type="giBoolean" name="hasIntegrationDefault"/>
   <attribute value="0" type="giBoolean" name="localized"/>
   <attribute value="HBKRYLOVMAXITER" type="giString" name="name"/>
   <attribute value="500" type="giString" name="simDefault"/>
   <attribute value="used" type="giString" name="state"/>
   <attribute value="500" type="giString" name="value"/>
  </object>
  <object type="saOption" name="options" version="1">
   <attribute value="no" type="giString" name="enabled"/>
   <attribute value="0" type="giBoolean" name="hasIntegrationDefault"/>
   <attribute value="0" type="giBoolean" name="localized"/>
   <attribute value="HBTRANFREQSEARCH" type="giString" name="name"/>
   <attribute value="1" type="giString" name="simDefault"/>
   <attribute value="used" type="giString" name="state"/>
   <attribute value="1" type="giString" name="value"/>
  </object>
  <object type="saOption" name="options" version="1">
   <attribute value="no" type="giString" name="enabled"/>
   <attribute value="0" type="giBoolean" name="hasIntegrationDefault"/>
   <attribute value="0" type="giBoolean" name="localized"/>
   <attribute value="HBACTOL" type="giString" name="name"/>
   <attribute value="1.e-8" type="giString" name="simDefault"/>
   <attribute value="used" type="giString" name="state"/>
   <attribute value="1.e-8" type="giString" name="value"/>
  </object>
  <object type="saOption" name="options" version="1">
   <attribute value="no" type="giString" name="enabled"/>
   <attribute value="0" type="giBoolean" name="hasIntegrationDefault"/>
   <attribute value="0" type="giBoolean" name="localized"/>
   <attribute value="HBKRYLOVTOL" type="giString" name="name"/>
   <attribute value="0.01" type="giString" name="simDefault"/>
   <attribute value="used" type="giString" name="state"/>
   <attribute value="0.01" type="giString" name="value"/>
  </object>
  <object type="saOption" name="options" version="1">
   <attribute value="no" type="giString" name="enabled"/>
   <attribute value="0" type="giBoolean" name="hasIntegrationDefault"/>
   <attribute value="0" type="giBoolean" name="localized"/>
   <attribute value="HBTRANINIT" type="giString" name="name"/>
   <attribute value="0" type="giString" name="simDefault"/>
   <attribute value="used" type="giString" name="state"/>
   <attribute value="0" type="giString" name="value"/>
  </object>
  <object type="saOption" name="options" version="1">
   <attribute value="no" type="giString" name="enabled"/>
   <attribute value="0" type="giBoolean" name="hasIntegrationDefault"/>
   <attribute value="0" type="giBoolean" name="localized"/>
   <attribute value="HBCONTINUE" type="giString" name="name"/>
   <attribute value="1" type="giString" name="simDefault"/>
   <attribute value="used" type="giString" name="state"/>
   <attribute value="1" type="giString" name="value"/>
  </object>
  <object type="saOption" name="options" version="1">
   <attribute value="no" type="giString" name="enabled"/>
   <attribute value="0" type="giBoolean" name="hasIntegrationDefault"/>
   <attribute value="0" type="giBoolean" name="localized"/>
   <attribute value="HBLINESEARCHFAC" type="giString" name="name"/>
   <attribute value="0.35" type="giString" name="simDefault"/>
   <attribute value="used" type="giString" name="state"/>
   <attribute value="0.35" type="giString" name="value"/>
  </object>
  <object type="saOption" name="options" version="1">
   <attribute value="no" type="giString" name="enabled"/>
   <attribute value="0" type="giBoolean" name="hasIntegrationDefault"/>
   <attribute value="0" type="giBoolean" name="localized"/>
   <attribute value="HBTRANPTS" type="giString" name="name"/>
   <attribute value="" type="giString" name="simDefault"/>
   <attribute value="used" type="giString" name="state"/>
   <attribute value="" type="giString" name="value"/>
  </object>
  <object type="saOption" name="options" version="1">
   <attribute value="no" type="giString" name="enabled"/>
   <attribute value="0" type="giBoolean" name="hasIntegrationDefault"/>
   <attribute value="0" type="giBoolean" name="localized"/>
   <attribute value="HBFREQABSTOL" type="giString" name="name"/>
   <attribute value="1.0" type="giString" name="simDefault"/>
   <attribute value="used" type="giString" name="state"/>
   <attribute value="1.0" type="giString" name="value"/>
  </object>
  <object type="saOption" name="options" version="1">
   <attribute value="no" type="giString" name="enabled"/>
   <attribute value="0" type="giBoolean" name="hasIntegrationDefault"/>
   <attribute value="0" type="giBoolean" name="localized"/>
   <attribute value="HBMAXITER" type="giString" name="name"/>
   <attribute value="10000" type="giString" name="simDefault"/>
   <attribute value="used" type="giString" name="state"/>
   <attribute value="10000" type="giString" name="value"/>
  </object>
  <object type="saOption" name="options" version="1">
   <attribute value="no" type="giString" name="enabled"/>
   <attribute value="0" type="giBoolean" name="hasIntegrationDefault"/>
   <attribute value="0" type="giBoolean" name="localized"/>
   <attribute value="HBTRANSTEP" type="giString" name="name"/>
   <attribute value="" type="giString" name="simDefault"/>
   <attribute value="used" type="giString" name="state"/>
   <attribute value="" type="giString" name="value"/>
  </object>
  <object type="saOption" name="options" version="1">
   <attribute value="no" type="giString" name="enabled"/>
   <attribute value="0" type="giBoolean" name="hasIntegrationDefault"/>
   <attribute value="0" type="giBoolean" name="localized"/>
   <attribute value="HBFREQRELTOL" type="giString" name="name"/>
   <attribute value="1.e-9" type="giString" name="simDefault"/>
   <attribute value="used" type="giString" name="state"/>
   <attribute value="1.e-9" type="giString" name="value"/>
  </object>
  <object type="saOption" name="options" version="1">
   <attribute value="no" type="giString" name="enabled"/>
   <attribute value="0" type="giBoolean" name="hasIntegrationDefault"/>
   <attribute value="0" type="giBoolean" name="localized"/>
   <attribute value="HBOSCMAXITER" type="giString" name="name"/>
   <attribute value="10000" type="giString" name="simDefault"/>
   <attribute value="used" type="giString" name="state"/>
   <attribute value="10000" type="giString" name="value"/>
  </object>
  <object type="saOption" name="options" version="1">
   <attribute value="no" type="giString" name="enabled"/>
   <attribute value="0" type="giBoolean" name="hasIntegrationDefault"/>
   <attribute value="0" type="giBoolean" name="localized"/>
   <attribute value="LOADHB" type="giString" name="name"/>
   <attribute value="" type="giString" name="simDefault"/>
   <attribute value="used" type="giString" name="state"/>
   <attribute value="" type="giString" name="value"/>
  </object>
  <object type="saOption" name="options" version="1">
   <attribute value="no" type="giString" name="enabled"/>
   <attribute value="0" type="giBoolean" name="hasIntegrationDefault"/>
   <attribute value="0" type="giBoolean" name="localized"/>
   <attribute value="HB_GIBBS" type="giString" name="name"/>
   <attribute value="0" type="giString" name="simDefault"/>
   <attribute value="used" type="giString" name="state"/>
   <attribute value="0" type="giString" name="value"/>
  </object>
  <object type="saOption" name="options" version="1">
   <attribute value="no" type="giString" name="enabled"/>
   <attribute value="0" type="giBoolean" name="hasIntegrationDefault"/>
   <attribute value="0" type="giBoolean" name="localized"/>
   <attribute value="HBPROBETOL" type="giString" name="name"/>
   <attribute value="1.e-9" type="giString" name="simDefault"/>
   <attribute value="used" type="giString" name="state"/>
   <attribute value="1.e-9" type="giString" name="value"/>
  </object>
  <object type="saOption" name="options" version="1">
   <attribute value="no" type="giString" name="enabled"/>
   <attribute value="0" type="giBoolean" name="hasIntegrationDefault"/>
   <attribute value="0" type="giBoolean" name="localized"/>
   <attribute value="SAVEHB" type="giString" name="name"/>
   <attribute value="" type="giString" name="simDefault"/>
   <attribute value="used" type="giString" name="state"/>
   <attribute value="" type="giString" name="value"/>
  </object>
  <object type="saOption" name="options" version="1">
   <attribute value="no" type="giString" name="enabled"/>
   <attribute value="0" type="giBoolean" name="hasIntegrationDefault"/>
   <attribute value="0" type="giBoolean" name="localized"/>
   <attribute value="HBJREUSE" type="giString" name="name"/>
   <attribute value="" type="giString" name="simDefault"/>
   <attribute value="used" type="giString" name="state"/>
   <attribute value="" type="giString" name="value"/>
  </object>
  <object type="saOption" name="options" version="1">
   <attribute value="no" type="giString" name="enabled"/>
   <attribute value="0" type="giBoolean" name="hasIntegrationDefault"/>
   <attribute value="0" type="giBoolean" name="localized"/>
   <attribute value="HBSOLVER" type="giString" name="name"/>
   <attribute value="1" type="giString" name="simDefault"/>
   <attribute value="used" type="giString" name="state"/>
   <attribute value="1" type="giString" name="value"/>
  </object>
  <object type="saOption" name="options" version="1">
   <attribute value="no" type="giString" name="enabled"/>
   <attribute value="0" type="giBoolean" name="hasIntegrationDefault"/>
   <attribute value="0" type="giBoolean" name="localized"/>
   <attribute value="TRANFORHB" type="giString" name="name"/>
   <attribute value="" type="giString" name="simDefault"/>
   <attribute value="used" type="giString" name="state"/>
   <attribute value="" type="giString" name="value"/>
  </object>
  <object type="saOption" name="options" version="1">
   <attribute value="no" type="giString" name="enabled"/>
   <attribute value="0" type="giBoolean" name="hasIntegrationDefault"/>
   <attribute value="0" type="giBoolean" name="localized"/>
   <attribute value="HBJREUSETOL" type="giString" name="name"/>
   <attribute value="0.05" type="giString" name="simDefault"/>
   <attribute value="used" type="giString" name="state"/>
   <attribute value="0.05" type="giString" name="value"/>
  </object>
  <object type="saOption" name="options" version="1">
   <attribute value="no" type="giString" name="enabled"/>
   <attribute value="0" type="giBoolean" name="hasIntegrationDefault"/>
   <attribute value="0" type="giBoolean" name="localized"/>
   <attribute value="LOADSNINIT" type="giString" name="name"/>
   <attribute value="" type="giString" name="simDefault"/>
   <attribute value="used" type="giString" name="state"/>
   <attribute value="" type="giString" name="value"/>
  </object>
  <object type="saOption" name="options" version="1">
   <attribute value="no" type="giString" name="enabled"/>
   <attribute value="0" type="giBoolean" name="hasIntegrationDefault"/>
   <attribute value="0" type="giBoolean" name="localized"/>
   <attribute value="SAVESNINIT" type="giString" name="name"/>
   <attribute value="" type="giString" name="simDefault"/>
   <attribute value="used" type="giString" name="state"/>
   <attribute value="" type="giString" name="value"/>
  </object>
  <object type="saOption" name="options" version="1">
   <attribute value="no" type="giString" name="enabled"/>
   <attribute value="0" type="giBoolean" name="hasIntegrationDefault"/>
   <attribute value="0" type="giBoolean" name="localized"/>
   <attribute value="SNACCURACY" type="giString" name="name"/>
   <attribute value="10" type="giString" name="simDefault"/>
   <attribute value="used" type="giString" name="state"/>
   <attribute value="10" type="giString" name="value"/>
  </object>
  <object type="saOption" name="options" version="1">
   <attribute value="no" type="giString" name="enabled"/>
   <attribute value="0" type="giBoolean" name="hasIntegrationDefault"/>
   <attribute value="0" type="giBoolean" name="localized"/>
   <attribute value="SNMAXITER" type="giString" name="name"/>
   <attribute value="40" type="giString" name="simDefault"/>
   <attribute value="used" type="giString" name="state"/>
   <attribute value="40" type="giString" name="value"/>
  </object>
  <object type="saOption" name="options" version="1">
   <attribute value="no" type="giString" name="enabled"/>
   <attribute value="0" type="giBoolean" name="hasIntegrationDefault"/>
   <attribute value="0" type="giBoolean" name="localized"/>
   <attribute value="BPNMATCHTOL" type="giString" name="name"/>
   <attribute value="0.5" type="giString" name="simDefault"/>
   <attribute value="used" type="giString" name="state"/>
   <attribute value="0.5" type="giString" name="value"/>
  </object>
  <object type="saOption" name="options" version="1">
   <attribute value="no" type="giString" name="enabled"/>
   <attribute value="0" type="giBoolean" name="hasIntegrationDefault"/>
   <attribute value="0" type="giBoolean" name="localized"/>
   <attribute value="PHASENOISEKRYLOVITER" type="giString" name="name"/>
   <attribute value="1000" type="giString" name="simDefault"/>
   <attribute value="used" type="giString" name="state"/>
   <attribute value="1000" type="giString" name="value"/>
  </object>
  <object type="saOption" name="options" version="1">
   <attribute value="no" type="giString" name="enabled"/>
   <attribute value="0" type="giBoolean" name="hasIntegrationDefault"/>
   <attribute value="0" type="giBoolean" name="localized"/>
   <attribute value="PHNOISELORENTZ" type="giString" name="name"/>
   <attribute value="1" type="giString" name="simDefault"/>
   <attribute value="used" type="giString" name="state"/>
   <attribute value="1" type="giString" name="value"/>
  </object>
  <object type="saOption" name="options" version="1">
   <attribute value="no" type="giString" name="enabled"/>
   <attribute value="0" type="giBoolean" name="hasIntegrationDefault"/>
   <attribute value="0" type="giBoolean" name="localized"/>
   <attribute value="PHASENOISEKRYLOVDIM" type="giString" name="name"/>
   <attribute value="500" type="giString" name="simDefault"/>
   <attribute value="used" type="giString" name="state"/>
   <attribute value="500" type="giString" name="value"/>
  </object>
  <object type="saOption" name="options" version="1">
   <attribute value="no" type="giString" name="enabled"/>
   <attribute value="0" type="giBoolean" name="hasIntegrationDefault"/>
   <attribute value="0" type="giBoolean" name="localized"/>
   <attribute value="PHASENOISETOL" type="giString" name="name"/>
   <attribute value="1e-8" type="giString" name="simDefault"/>
   <attribute value="used" type="giString" name="state"/>
   <attribute value="1e-8" type="giString" name="value"/>
  </object>
  <object type="saOption" name="options" version="1">
   <attribute value="no" type="giString" name="enabled"/>
   <attribute value="0" type="giBoolean" name="hasIntegrationDefault"/>
   <attribute value="0" type="giBoolean" name="localized"/>
   <attribute value="PHNOISEAMPM" type="giString" name="name"/>
   <attribute value="" type="giString" name="simDefault"/>
   <attribute value="used" type="giString" name="state"/>
   <attribute value="" type="giString" name="value"/>
  </object>
  <object type="saOption" name="options" version="1">
   <attribute value="no" type="giString" name="enabled"/>
   <attribute value="0" type="giBoolean" name="hasIntegrationDefault"/>
   <attribute value="0" type="giBoolean" name="localized"/>
   <attribute value="IGNORE_VARIATION_BLOCK" type="giString" name="name"/>
   <attribute value="0" type="giString" name="simDefault"/>
   <attribute value="used" type="giString" name="state"/>
   <attribute value="0" type="giString" name="value"/>
  </object>
  <object type="saOption" name="options" version="1">
   <attribute value="no" type="giString" name="enabled"/>
   <attribute value="0" type="giBoolean" name="hasIntegrationDefault"/>
   <attribute value="0" type="giBoolean" name="localized"/>
   <attribute value="IGNORE_LOCAL_VARIATION" type="giString" name="name"/>
   <attribute value="0" type="giString" name="simDefault"/>
   <attribute value="used" type="giString" name="state"/>
   <attribute value="0" type="giString" name="value"/>
  </object>
  <object type="saOption" name="options" version="1">
   <attribute value="no" type="giString" name="enabled"/>
   <attribute value="0" type="giBoolean" name="hasIntegrationDefault"/>
   <attribute value="0" type="giBoolean" name="localized"/>
   <attribute value="IGNORE_GLOBAL_VARIATION" type="giString" name="name"/>
   <attribute value="0" type="giString" name="simDefault"/>
   <attribute value="used" type="giString" name="state"/>
   <attribute value="0" type="giString" name="value"/>
  </object>
  <object type="saOption" name="options" version="1">
   <attribute value="no" type="giString" name="enabled"/>
   <attribute value="0" type="giBoolean" name="hasIntegrationDefault"/>
   <attribute value="0" type="giBoolean" name="localized"/>
   <attribute value="IGNORE_SPATIAL_VARIATION" type="giString" name="name"/>
   <attribute value="0" type="giString" name="simDefault"/>
   <attribute value="used" type="giString" name="state"/>
   <attribute value="0" type="giString" name="value"/>
  </object>
  <object type="saOption" name="options" version="1">
   <attribute value="no" type="giString" name="enabled"/>
   <attribute value="0" type="giBoolean" name="hasIntegrationDefault"/>
   <attribute value="0" type="giBoolean" name="localized"/>
   <attribute value="IGNORE_INTERCONNECT_VARIATION" type="giString" name="name"/>
   <attribute value="0" type="giString" name="simDefault"/>
   <attribute value="used" type="giString" name="state"/>
   <attribute value="0" type="giString" name="value"/>
  </object>
  <object type="saOption" name="options" version="1">
   <attribute value="no" type="giString" name="enabled"/>
   <attribute value="0" type="giBoolean" name="hasIntegrationDefault"/>
   <attribute value="0" type="giBoolean" name="localized"/>
   <attribute value="NORMAL_LIMIT" type="giString" name="name"/>
   <attribute value="4" type="giString" name="simDefault"/>
   <attribute value="used" type="giString" name="state"/>
   <attribute value="4" type="giString" name="value"/>
  </object>
  <object type="saOption" name="options" version="1">
   <attribute value="no" type="giString" name="enabled"/>
   <attribute value="0" type="giBoolean" name="hasIntegrationDefault"/>
   <attribute value="0" type="giBoolean" name="localized"/>
   <attribute value="OUTPUT_SIGMA_VALUE" type="giString" name="name"/>
   <attribute value="1" type="giString" name="simDefault"/>
   <attribute value="used" type="giString" name="state"/>
   <attribute value="1" type="giString" name="value"/>
  </object>
  <object type="saOption" name="options" version="1">
   <attribute value="no" type="giString" name="enabled"/>
   <attribute value="0" type="giBoolean" name="hasIntegrationDefault"/>
   <attribute value="0" type="giBoolean" name="localized"/>
   <attribute value="RANDOM_GENERATOR" type="giString" name="name"/>
   <attribute value="1" type="giString" name="simDefault"/>
   <attribute value="used" type="giString" name="state"/>
   <attribute value="1" type="giString" name="value"/>
  </object>
  <object type="saOption" name="options" version="1">
   <attribute value="no" type="giString" name="enabled"/>
   <attribute value="0" type="giBoolean" name="hasIntegrationDefault"/>
   <attribute value="0" type="giBoolean" name="localized"/>
   <attribute value="STREAM" type="giString" name="name"/>
   <attribute value="Default" type="giString" name="simDefault"/>
   <attribute value="used" type="giString" name="state"/>
   <attribute value="Default" type="giString" name="value"/>
  </object>
  <object type="saOption" name="options" version="1">
   <attribute value="no" type="giString" name="enabled"/>
   <attribute value="0" type="giBoolean" name="hasIntegrationDefault"/>
   <attribute value="0" type="giBoolean" name="localized"/>
   <attribute value="otherOptions" type="giString" name="name"/>
   <attribute value="" type="giString" name="simDefault"/>
   <attribute value="used" type="giString" name="state"/>
   <attribute value="" type="giString" name="value"/>
  </object>
 </collection>
</file-format>
