<?xml version="1.0"?>
<!--Created by Custom Compiler (TM), build , on Mon Apr 12 15:42:47 2021-->
<file-format version="1.0" name="stateData">
 <attribute name="description" type="giString" value=""/>
 <attribute name="design" type="dmCellView" value="DEMUX/demux-tb/schematic"/>
 <attribute name="enabled" type="giBoolean" value="1"/>
 <attribute name="name" type="giString" value="default"/>
 <attribute name="openaccessState" type="dmCellView" value="//"/>
 <attribute name="simulator" type="giString" value="HSPICE"/>
 <comment></comment>
 <integration version="1"/>
</file-format>
