<?xml version="1.0"?>
<!--Created by Custom Compiler (TM), build , on Mon Apr 26 20:13:27 2021-->
<file-format name="netlisting-timestamps" version="2.0">
<module contextID="switched: Memory_design memory_design starrc vl: starrc hspice hspiceD schematic spice veriloga sl: hspice hspiceD" isSubcircuit="1" timestamp="10258" viewSearchList="starrc hspice hspiceD schematic spice veriloga" viewStopList="hspice hspiceD">
<parameterizedConnections>
<connectDefs timestamp="0"/>
<oaAssignments timestamp="0"/>
<dbAssignValue timestamp="0"/>
<dbAssignAssignment timestamp="0"/>
</parameterizedConnections>
<parameters timestamp="2"/>
<lib_parameters timestamp="1"/>
<LineageParams/>
<ParentParams/>
<Terms timestamp="6479"/>
<PortOrder><![CDATA[AR0AR1AW0AW1CLKDR0DR1DR2DR3DW0DW1DW2DW3WENB]]></PortOrder>
<ShortOptions timestamp="3580584169"/>
</module>
</file-format>
