<?xml version="1.0"?>
<!--Created by Custom Compiler (TM), build , on Tue Apr 13 15:49:48 2021-->
<file-format name="netlisting-timestamps" version="2.0">
<module viewStopList="hspice hspiceD" isSubcircuit="0" contextID="switched: sram SRAM schematic vl: starrc hspice hspiceD schematic spice veriloga sl: hspice hspiceD" viewSearchList="starrc hspice hspiceD schematic spice veriloga" timestamp="2442">
<parameterizedConnections>
<connectDefs timestamp="0"/>
<oaAssignments timestamp="0"/>
<dbAssignValue timestamp="0"/>
<dbAssignAssignment timestamp="0"/>
</parameterizedConnections>
<parameters timestamp="2"/>
<lib_parameters/>
<LineageParams/>
<ParentParams/>
<Terms timestamp="2334"/>
<PortOrder><![CDATA[BLBRBLRWLRWLNWBLWWL]]></PortOrder>
<ShortOptions timestamp="3580584169"/>
</module>
</file-format>
