<?xml version="1.0"?>
<!--Created by Custom Compiler (TM), build , on Fri Apr  9 00:42:54 2021-->
<file-format name="netlisting-timestamps" version="2.0">
<module timestamp="32" isSubcircuit="1" viewStopList="hspice hspiceD" viewSearchList="hspice hspiceD schematic spice veriloga" contextID="switched: analogLib vpulse hspice vl: hspice hspiceD schematic spice veriloga sl: hspice hspiceD">
<parameterizedConnections>
<connectDefs timestamp="0"/>
<oaAssignments timestamp="0"/>
<dbAssignValue timestamp="0"/>
<dbAssignAssignment timestamp="0"/>
</parameterizedConnections>
<parameters timestamp="1"/>
<lib_parameters/>
<LineageParams/>
<ParentParams/>
<Terms timestamp="11"/>
<PortOrder><![CDATA[PLUSMINUS]]></PortOrder>
<ShortOptions timestamp="3580584169"/>
</module>
</file-format>
