<?xml version="1.0"?>
<!--Created by Custom Compiler (TM), build , on Tue Apr 13 15:49:48 2021-->
<file-format name="netlisting-timestamps" version="2.0">
<module viewStopList="hspice hspiceD" isSubcircuit="1" contextID="switched: NCSU_TechLib_FreePDK15 nmos hspiceD vl: starrc hspice hspiceD schematic spice veriloga sl: hspice hspiceD" viewSearchList="starrc hspice hspiceD schematic spice veriloga" timestamp="47">
<parameterizedConnections>
<connectDefs timestamp="0"/>
<oaAssignments timestamp="0"/>
<dbAssignValue timestamp="0"/>
<dbAssignAssignment timestamp="0"/>
</parameterizedConnections>
<parameters timestamp="1"/>
<lib_parameters timestamp="1"/>
<LineageParams/>
<ParentParams/>
<Terms timestamp="44"/>
<PortOrder><![CDATA[DGSB]]></PortOrder>
<ShortOptions timestamp="3580584169"/>
</module>
</file-format>
