<?xml version="1.0"?>
<!--Created by Custom Compiler (TM), build , on Tue Apr 13 16:00:40 2021-->
<file-format name="saResultsMap" version="1.0">
 <object type="saResultsMap" name="saResultsMap" version="1">
  <attribute value="" type="giString" name="cornerParamNames"/>
  <attribute value="." type="giString" name="masterResultsDir"/>
  <attribute value="resultsMap.xml" type="giString" name="name"/>
  <collection name="resultsInfo">
   <object type="saResultsInfo" name="resultsInfo" version="1">
    <attribute value="../netlist" type="giString" name="netlistDir"/>
    <attribute value="." type="giString" name="resultsDir"/>
    <attribute value="results.xml resultsACE.xml" type="giString" name="resultsFiles"/>
   </object>
  </collection>
  <attribute value="." type="giString" name="resultsMapDir"/>
  <attribute value="HSPICE" type="giString" name="simulator"/>
  <attribute value="Tue Apr 13 16:00:40 2021" type="giString" name="timeStamp"/>
 </object>
</file-format>
