<?xml version="1.0"?>
<!--Created by Custom Compiler (TM), build , on Tue Apr 13 16:00:40 2021-->
<file-format name="saResults" version="1.0">
 <object type="saResults" name="saResults" version="1">
  <attribute value="resultsMap.xml" type="giString" name="name"/>
  <attribute value="../netlist" type="giString" name="netlistDir"/>
  <collection name="resultFiles">
   <object type="saResultFile" name="resultFiles" version="1">
    <attribute value="tran" type="giString" name="analysisName"/>
    <attribute value="hspice_wdf.tr0" type="giString" name="filename"/>
    <attribute value="wdf" type="giString" name="format"/>
    <attribute value="tran" type="giString" name="resultType"/>
   </object>
   <object type="saResultFile" name="resultFiles" version="1">
    <attribute value="" type="giString" name="analysisName"/>
    <attribute value="designVariables.wdf" type="giString" name="filename"/>
    <attribute value="wdf" type="giString" name="format"/>
    <attribute value="variables" type="giString" name="resultType"/>
   </object>
  </collection>
  <attribute value="." type="giString" name="resultsDir"/>
  <attribute value="Tue Apr 13 16:00:40 2021" type="giString" name="runTime"/>
  <attribute value="HSPICE" type="giString" name="simulator"/>
  <attribute value="" type="giString" name="version"/>
 </object>
</file-format>
