<?xml version="1.0"?>
<!--Created by Custom Compiler (TM), build , on Mon Apr 12 14:48:17 2021-->
<file-format name="stateCategory" version="1.0">
 <object name="outputs" version="1" type="saOutputs">
  <collection name="customPlotModes"/>
  <attribute value="1" name="importMeasures" type="giBoolean"/>
  <attribute value="default" name="outputSet" type="giString"/>
  <collection name="outputSets">
   <object name="outputSets" version="1" type="saOutputSet">
    <collection name="histogramCharts"/>
    <attribute value="default" name="name" type="giString"/>
    <collection name="outputs">
     <object name="outputs" version="1" type="saOutput">
      <attribute value="tran" name="analyses" type="giString"/>
      <attribute value="" name="description" type="giString"/>
      <attribute value="" name="errorMessage" type="giString"/>
      <attribute value="v(/AR1)" name="expr" type="giString"/>
      <attribute value=" None " name="goalExpression" type="giString"/>
      <attribute value="0" name="hasSpec" type="giBoolean"/>
      <attribute value="%e %c %s %m %t" name="imageTitle" type="giString"/>
      <collection name="mappedExpressions"/>
      <attribute value="" name="name" type="giString"/>
      <attribute value="net" name="outputType" type="enOutputType"/>
      <attribute value="1" name="plot" type="giBoolean"/>
      <attribute value="auto" name="plotType" type="enGraphType"/>
      <attribute value="6" name="precision" type="giInt"/>
      <attribute value="plotpacket0" name="probe" type="giString"/>
      <attribute value="1" name="resultsViewer" type="giBoolean"/>
      <attribute value="1" name="save" type="giBoolean"/>
      <attribute value="0" name="saveImage" type="giBoolean"/>
      <collection name="specs">
       <object name="specs" version="1" type="saSpecification">
        <attribute value="" name="analysis" type="giString"/>
        <attribute value="1" name="enabled" type="giBoolean"/>
        <attribute value="Greater Than" name="extGoalType" type="enGoalType"/>
        <attribute value="" name="goal" type="giString"/>
        <attribute value="" name="goalHigh" type="giString"/>
        <attribute value="" name="goalLow" type="giString"/>
        <attribute value="Greater Than" name="goalType" type="enGoalType"/>
        <attribute value="0%" name="poor" type="giString"/>
        <attribute value="0%" name="poorHigh" type="giString"/>
        <attribute value="0%" name="poorLow" type="giString"/>
       </object>
      </collection>
      <attribute value="" name="suffix" type="giString"/>
      <attribute value="" name="units" type="giString"/>
     </object>
     <object name="outputs" version="1" type="saOutput">
      <attribute value="tran" name="analyses" type="giString"/>
      <attribute value="" name="description" type="giString"/>
      <attribute value="" name="errorMessage" type="giString"/>
      <attribute value="v(/AR0)" name="expr" type="giString"/>
      <attribute value=" None " name="goalExpression" type="giString"/>
      <attribute value="0" name="hasSpec" type="giBoolean"/>
      <attribute value="%e %c %s %m %t" name="imageTitle" type="giString"/>
      <collection name="mappedExpressions"/>
      <attribute value="" name="name" type="giString"/>
      <attribute value="net" name="outputType" type="enOutputType"/>
      <attribute value="1" name="plot" type="giBoolean"/>
      <attribute value="auto" name="plotType" type="enGraphType"/>
      <attribute value="6" name="precision" type="giInt"/>
      <attribute value="plotpacket1" name="probe" type="giString"/>
      <attribute value="1" name="resultsViewer" type="giBoolean"/>
      <attribute value="1" name="save" type="giBoolean"/>
      <attribute value="0" name="saveImage" type="giBoolean"/>
      <collection name="specs">
       <object name="specs" version="1" type="saSpecification">
        <attribute value="" name="analysis" type="giString"/>
        <attribute value="1" name="enabled" type="giBoolean"/>
        <attribute value="Greater Than" name="extGoalType" type="enGoalType"/>
        <attribute value="" name="goal" type="giString"/>
        <attribute value="" name="goalHigh" type="giString"/>
        <attribute value="" name="goalLow" type="giString"/>
        <attribute value="Greater Than" name="goalType" type="enGoalType"/>
        <attribute value="0%" name="poor" type="giString"/>
        <attribute value="0%" name="poorHigh" type="giString"/>
        <attribute value="0%" name="poorLow" type="giString"/>
       </object>
      </collection>
      <attribute value="" name="suffix" type="giString"/>
      <attribute value="" name="units" type="giString"/>
     </object>
     <object name="outputs" version="1" type="saOutput">
      <attribute value="tran" name="analyses" type="giString"/>
      <attribute value="" name="description" type="giString"/>
      <attribute value="" name="errorMessage" type="giString"/>
      <attribute value="v(/RWL0)" name="expr" type="giString"/>
      <attribute value=" None " name="goalExpression" type="giString"/>
      <attribute value="0" name="hasSpec" type="giBoolean"/>
      <attribute value="%e %c %s %m %t" name="imageTitle" type="giString"/>
      <collection name="mappedExpressions"/>
      <attribute value="" name="name" type="giString"/>
      <attribute value="net" name="outputType" type="enOutputType"/>
      <attribute value="1" name="plot" type="giBoolean"/>
      <attribute value="auto" name="plotType" type="enGraphType"/>
      <attribute value="6" name="precision" type="giInt"/>
      <attribute value="plotpacket2" name="probe" type="giString"/>
      <attribute value="1" name="resultsViewer" type="giBoolean"/>
      <attribute value="1" name="save" type="giBoolean"/>
      <attribute value="0" name="saveImage" type="giBoolean"/>
      <collection name="specs">
       <object name="specs" version="1" type="saSpecification">
        <attribute value="" name="analysis" type="giString"/>
        <attribute value="1" name="enabled" type="giBoolean"/>
        <attribute value="Greater Than" name="extGoalType" type="enGoalType"/>
        <attribute value="" name="goal" type="giString"/>
        <attribute value="" name="goalHigh" type="giString"/>
        <attribute value="" name="goalLow" type="giString"/>
        <attribute value="Greater Than" name="goalType" type="enGoalType"/>
        <attribute value="0%" name="poor" type="giString"/>
        <attribute value="0%" name="poorHigh" type="giString"/>
        <attribute value="0%" name="poorLow" type="giString"/>
       </object>
      </collection>
      <attribute value="" name="suffix" type="giString"/>
      <attribute value="" name="units" type="giString"/>
     </object>
     <object name="outputs" version="1" type="saOutput">
      <attribute value="tran" name="analyses" type="giString"/>
      <attribute value="" name="description" type="giString"/>
      <attribute value="" name="errorMessage" type="giString"/>
      <attribute value="v(/RWL1)" name="expr" type="giString"/>
      <attribute value=" None " name="goalExpression" type="giString"/>
      <attribute value="0" name="hasSpec" type="giBoolean"/>
      <attribute value="%e %c %s %m %t" name="imageTitle" type="giString"/>
      <collection name="mappedExpressions"/>
      <attribute value="" name="name" type="giString"/>
      <attribute value="net" name="outputType" type="enOutputType"/>
      <attribute value="1" name="plot" type="giBoolean"/>
      <attribute value="auto" name="plotType" type="enGraphType"/>
      <attribute value="6" name="precision" type="giInt"/>
      <attribute value="plotpacket3" name="probe" type="giString"/>
      <attribute value="1" name="resultsViewer" type="giBoolean"/>
      <attribute value="1" name="save" type="giBoolean"/>
      <attribute value="0" name="saveImage" type="giBoolean"/>
      <collection name="specs">
       <object name="specs" version="1" type="saSpecification">
        <attribute value="" name="analysis" type="giString"/>
        <attribute value="1" name="enabled" type="giBoolean"/>
        <attribute value="Greater Than" name="extGoalType" type="enGoalType"/>
        <attribute value="" name="goal" type="giString"/>
        <attribute value="" name="goalHigh" type="giString"/>
        <attribute value="" name="goalLow" type="giString"/>
        <attribute value="Greater Than" name="goalType" type="enGoalType"/>
        <attribute value="0%" name="poor" type="giString"/>
        <attribute value="0%" name="poorHigh" type="giString"/>
        <attribute value="0%" name="poorLow" type="giString"/>
       </object>
      </collection>
      <attribute value="" name="suffix" type="giString"/>
      <attribute value="" name="units" type="giString"/>
     </object>
     <object name="outputs" version="1" type="saOutput">
      <attribute value="tran" name="analyses" type="giString"/>
      <attribute value="" name="description" type="giString"/>
      <attribute value="" name="errorMessage" type="giString"/>
      <attribute value="v(/RWL2)" name="expr" type="giString"/>
      <attribute value=" None " name="goalExpression" type="giString"/>
      <attribute value="0" name="hasSpec" type="giBoolean"/>
      <attribute value="%e %c %s %m %t" name="imageTitle" type="giString"/>
      <collection name="mappedExpressions"/>
      <attribute value="" name="name" type="giString"/>
      <attribute value="net" name="outputType" type="enOutputType"/>
      <attribute value="1" name="plot" type="giBoolean"/>
      <attribute value="auto" name="plotType" type="enGraphType"/>
      <attribute value="6" name="precision" type="giInt"/>
      <attribute value="plotpacket4" name="probe" type="giString"/>
      <attribute value="1" name="resultsViewer" type="giBoolean"/>
      <attribute value="1" name="save" type="giBoolean"/>
      <attribute value="0" name="saveImage" type="giBoolean"/>
      <collection name="specs">
       <object name="specs" version="1" type="saSpecification">
        <attribute value="" name="analysis" type="giString"/>
        <attribute value="1" name="enabled" type="giBoolean"/>
        <attribute value="Greater Than" name="extGoalType" type="enGoalType"/>
        <attribute value="" name="goal" type="giString"/>
        <attribute value="" name="goalHigh" type="giString"/>
        <attribute value="" name="goalLow" type="giString"/>
        <attribute value="Greater Than" name="goalType" type="enGoalType"/>
        <attribute value="0%" name="poor" type="giString"/>
        <attribute value="0%" name="poorHigh" type="giString"/>
        <attribute value="0%" name="poorLow" type="giString"/>
       </object>
      </collection>
      <attribute value="" name="suffix" type="giString"/>
      <attribute value="" name="units" type="giString"/>
     </object>
     <object name="outputs" version="1" type="saOutput">
      <attribute value="tran" name="analyses" type="giString"/>
      <attribute value="" name="description" type="giString"/>
      <attribute value="" name="errorMessage" type="giString"/>
      <attribute value="v(/RWL3)" name="expr" type="giString"/>
      <attribute value=" None " name="goalExpression" type="giString"/>
      <attribute value="0" name="hasSpec" type="giBoolean"/>
      <attribute value="%e %c %s %m %t" name="imageTitle" type="giString"/>
      <collection name="mappedExpressions"/>
      <attribute value="" name="name" type="giString"/>
      <attribute value="net" name="outputType" type="enOutputType"/>
      <attribute value="1" name="plot" type="giBoolean"/>
      <attribute value="auto" name="plotType" type="enGraphType"/>
      <attribute value="6" name="precision" type="giInt"/>
      <attribute value="plotpacket5" name="probe" type="giString"/>
      <attribute value="1" name="resultsViewer" type="giBoolean"/>
      <attribute value="1" name="save" type="giBoolean"/>
      <attribute value="0" name="saveImage" type="giBoolean"/>
      <collection name="specs">
       <object name="specs" version="1" type="saSpecification">
        <attribute value="" name="analysis" type="giString"/>
        <attribute value="1" name="enabled" type="giBoolean"/>
        <attribute value="Greater Than" name="extGoalType" type="enGoalType"/>
        <attribute value="" name="goal" type="giString"/>
        <attribute value="" name="goalHigh" type="giString"/>
        <attribute value="" name="goalLow" type="giString"/>
        <attribute value="Greater Than" name="goalType" type="enGoalType"/>
        <attribute value="0%" name="poor" type="giString"/>
        <attribute value="0%" name="poorHigh" type="giString"/>
        <attribute value="0%" name="poorLow" type="giString"/>
       </object>
      </collection>
      <attribute value="" name="suffix" type="giString"/>
      <attribute value="" name="units" type="giString"/>
     </object>
     <object name="outputs" version="1" type="saOutput">
      <attribute value="tran" name="analyses" type="giString"/>
      <attribute value="" name="description" type="giString"/>
      <attribute value="" name="errorMessage" type="giString"/>
      <attribute value="v(/net19)" name="expr" type="giString"/>
      <attribute value=" None " name="goalExpression" type="giString"/>
      <attribute value="0" name="hasSpec" type="giBoolean"/>
      <attribute value="%e %c %s %m %t" name="imageTitle" type="giString"/>
      <collection name="mappedExpressions"/>
      <attribute value="" name="name" type="giString"/>
      <attribute value="net" name="outputType" type="enOutputType"/>
      <attribute value="1" name="plot" type="giBoolean"/>
      <attribute value="auto" name="plotType" type="enGraphType"/>
      <attribute value="6" name="precision" type="giInt"/>
      <attribute value="plotpacket6" name="probe" type="giString"/>
      <attribute value="1" name="resultsViewer" type="giBoolean"/>
      <attribute value="1" name="save" type="giBoolean"/>
      <attribute value="0" name="saveImage" type="giBoolean"/>
      <collection name="specs">
       <object name="specs" version="1" type="saSpecification">
        <attribute value="" name="analysis" type="giString"/>
        <attribute value="1" name="enabled" type="giBoolean"/>
        <attribute value="Greater Than" name="extGoalType" type="enGoalType"/>
        <attribute value="" name="goal" type="giString"/>
        <attribute value="" name="goalHigh" type="giString"/>
        <attribute value="" name="goalLow" type="giString"/>
        <attribute value="Greater Than" name="goalType" type="enGoalType"/>
        <attribute value="0%" name="poor" type="giString"/>
        <attribute value="0%" name="poorHigh" type="giString"/>
        <attribute value="0%" name="poorLow" type="giString"/>
       </object>
      </collection>
      <attribute value="" name="suffix" type="giString"/>
      <attribute value="" name="units" type="giString"/>
     </object>
     <object name="outputs" version="1" type="saOutput">
      <attribute value="tran" name="analyses" type="giString"/>
      <attribute value="" name="description" type="giString"/>
      <attribute value="" name="errorMessage" type="giString"/>
      <attribute value="i(/V8/PLUS)" name="expr" type="giString"/>
      <attribute value=" None " name="goalExpression" type="giString"/>
      <attribute value="0" name="hasSpec" type="giBoolean"/>
      <attribute value="%e %c %s %m %t" name="imageTitle" type="giString"/>
      <collection name="mappedExpressions"/>
      <attribute value="" name="name" type="giString"/>
      <attribute value="terminal" name="outputType" type="enOutputType"/>
      <attribute value="1" name="plot" type="giBoolean"/>
      <attribute value="auto" name="plotType" type="enGraphType"/>
      <attribute value="6" name="precision" type="giInt"/>
      <attribute value="plotpacket7" name="probe" type="giString"/>
      <attribute value="1" name="resultsViewer" type="giBoolean"/>
      <attribute value="1" name="save" type="giBoolean"/>
      <attribute value="0" name="saveImage" type="giBoolean"/>
      <collection name="specs">
       <object name="specs" version="1" type="saSpecification">
        <attribute value="" name="analysis" type="giString"/>
        <attribute value="1" name="enabled" type="giBoolean"/>
        <attribute value="Greater Than" name="extGoalType" type="enGoalType"/>
        <attribute value="" name="goal" type="giString"/>
        <attribute value="" name="goalHigh" type="giString"/>
        <attribute value="" name="goalLow" type="giString"/>
        <attribute value="Greater Than" name="goalType" type="enGoalType"/>
        <attribute value="0%" name="poor" type="giString"/>
        <attribute value="0%" name="poorHigh" type="giString"/>
        <attribute value="0%" name="poorLow" type="giString"/>
       </object>
      </collection>
      <attribute value="" name="suffix" type="giString"/>
      <attribute value="" name="units" type="giString"/>
     </object>
     <object name="outputs" version="1" type="saOutput">
      <attribute value="tran" name="analyses" type="giString"/>
      <attribute value="" name="description" type="giString"/>
      <attribute value="" name="errorMessage" type="giString"/>
      <attribute value="i(/V8/MINUS)" name="expr" type="giString"/>
      <attribute value=" None " name="goalExpression" type="giString"/>
      <attribute value="0" name="hasSpec" type="giBoolean"/>
      <attribute value="%e %c %s %m %t" name="imageTitle" type="giString"/>
      <collection name="mappedExpressions"/>
      <attribute value="" name="name" type="giString"/>
      <attribute value="terminal" name="outputType" type="enOutputType"/>
      <attribute value="1" name="plot" type="giBoolean"/>
      <attribute value="auto" name="plotType" type="enGraphType"/>
      <attribute value="6" name="precision" type="giInt"/>
      <attribute value="plotpacket7" name="probe" type="giString"/>
      <attribute value="1" name="resultsViewer" type="giBoolean"/>
      <attribute value="1" name="save" type="giBoolean"/>
      <attribute value="0" name="saveImage" type="giBoolean"/>
      <collection name="specs">
       <object name="specs" version="1" type="saSpecification">
        <attribute value="" name="analysis" type="giString"/>
        <attribute value="1" name="enabled" type="giBoolean"/>
        <attribute value="Greater Than" name="extGoalType" type="enGoalType"/>
        <attribute value="" name="goal" type="giString"/>
        <attribute value="" name="goalHigh" type="giString"/>
        <attribute value="" name="goalLow" type="giString"/>
        <attribute value="Greater Than" name="goalType" type="enGoalType"/>
        <attribute value="0%" name="poor" type="giString"/>
        <attribute value="0%" name="poorHigh" type="giString"/>
        <attribute value="0%" name="poorLow" type="giString"/>
       </object>
      </collection>
      <attribute value="" name="suffix" type="giString"/>
      <attribute value="" name="units" type="giString"/>
     </object>
    </collection>
    <collection name="qqCharts"/>
    <attribute value="" name="reductionString" type="giString"/>
    <collection name="scatterCharts"/>
   </object>
  </collection>
  <attribute value="replace" name="plotMode" type="giString"/>
 </object>
</file-format>
