<?xml version="1.0"?>
<!--Created by Custom Compiler (TM), build , on Mon Apr 26 19:54:08 2021-->
<file-format name="netlisting-timestamps" version="2.0">
<module contextID="switched: analogLib pcapacitor hspice vl: starrc hspice hspiceD schematic spice veriloga sl: hspice hspiceD" isSubcircuit="1" timestamp="29" viewSearchList="starrc hspice hspiceD schematic spice veriloga" viewStopList="hspice hspiceD">
<parameterizedConnections>
<connectDefs timestamp="0"/>
<oaAssignments timestamp="0"/>
<dbAssignValue timestamp="0"/>
<dbAssignAssignment timestamp="0"/>
</parameterizedConnections>
<parameters timestamp="1"/>
<lib_parameters/>
<LineageParams/>
<ParentParams/>
<Terms timestamp="11"/>
<PortOrder><![CDATA[PLUSMINUS]]></PortOrder>
<ShortOptions timestamp="3580584169"/>
</module>
</file-format>
