<?xml version="1.0"?>
<!--Created by Custom Compiler (TM), build , on Tue Apr 13 16:00:38 2021-->
<file-format name="simRunData" version="1.0">
 <object type="saSimRun" name="simRunData" version="1">
  <attribute value="sram/SRAM/schematic" type="giString" name="dmCellView"/>
  <attribute value="" type="giString" name="simJobName"/>
  <attribute value="" type="giString" name="status"/>
  <attribute value="hspice hspiceD" type="giString" name="stopViewList"/>
  <attribute value="starrc hspice hspiceD schematic spice veriloga" type="giString" name="switchViewList"/>
  <attribute value="./netlist 1618344038" type="giStringList" name="timestamps"/>
 </object>
</file-format>
