<?xml version="1.0"?>
<!--Created by Custom Compiler (TM), build , on Mon Apr 12 14:55:48 2021-->
<file-format version="1.0" name="stateCategory">
 <object version="1" name="models" type="saModelSetup">
  <attribute name="includeGlobal" type="giBoolean" value="1"/>
  <attribute name="includePath" type="giString" value="/afs/eos.ncsu.edu/lockers/research/ece/wdavis/tech/FreePDK15/syncust/NCSU_TechLib_FreePDK15/../../hspice/models/"/>
  <collection name="modelFiles">
   <object version="1" name="modelFiles" type="saModelFile">
    <attribute name="enabled" type="giBoolean" value="1"/>
    <attribute name="filename" type="giString" value="fet.inc"/>
    <attribute name="section" type="giString" value="CMG"/>
   </object>
  </collection>
  <collection name="modelGroupDefs"/>
  <collection name="modelGroups"/>
 </object>
</file-format>
