<?xml version="1.0"?>
<!--Created by Custom Compiler (TM), build , on Sun Apr 11 00:36:46 2021-->
<file-format version="1.0" name="simRunData">
 <object type="saSimRun" version="1" name="simRunData">
  <attribute type="giString" value="TSPC/tspc_ff-tb/schematic" name="dmCellView"/>
  <attribute type="giString" value="" name="simJobName"/>
  <attribute type="giString" value="" name="status"/>
  <attribute type="giString" value="hspice hspiceD" name="stopViewList"/>
  <attribute type="giString" value="hspice hspiceD schematic spice veriloga" name="switchViewList"/>
  <attribute type="giStringList" value="./netlist 1618115806" name="timestamps"/>
 </object>
</file-format>
