<?xml version="1.0"?>
<!--Created by Custom Compiler (TM), build , on Tue Apr 13 16:00:39 2021-->
<file-format name="stateCategory" version="1.0">
 <collection name="analyses">
  <object type="saAnalysis" name="analyses" version="1">
   <attribute value="0" type="giBoolean" name="advanced"/>
   <attribute value="" type="giString" name="card"/>
   <attribute value="tran" type="giString" name="definition"/>
   <attribute value="" type="giString" name="description"/>
   <attribute value="0" type="giBoolean" name="doRestore"/>
   <attribute value="0" type="giBoolean" name="doSave"/>
   <attribute value="1" type="giBoolean" name="enabled"/>
   <attribute value="Temp Sweep" type="giString" name="method"/>
   <attribute value="tran" type="giString" name="name"/>
   <attribute value="1" type="giString" name="numIntervals"/>
   <collection name="options"/>
   <attribute value="" type="giString" name="otherOptions"/>
   <attribute value="" type="giString" name="restorePoint"/>
   <attribute value="" type="giString" name="runLevels"/>
   <attribute value="" type="giString" name="saveList"/>
   <attribute value="0" type="giBoolean" name="soa"/>
   <attribute value="0" type="giString" name="start"/>
   <attribute value="1p" type="giString" name="step"/>
   <attribute value="" type="giString" name="step2"/>
   <attribute value="" type="giString" name="step3"/>
   <attribute value="" type="giString" name="step4"/>
   <attribute value="" type="giString" name="step5"/>
   <attribute value="1n" type="giString" name="stop"/>
   <attribute value="" type="giString" name="stop2"/>
   <attribute value="" type="giString" name="stop3"/>
   <attribute value="" type="giString" name="stop4"/>
   <attribute value="" type="giString" name="stop5"/>
   <attribute value="" type="giString" name="tempStep"/>
   <attribute value="" type="giString" name="tempValues"/>
   <attribute value="0" type="giBoolean" name="uic"/>
   <attribute value="0" type="giBoolean" name="useCard"/>
  </object>
 </collection>
</file-format>
