<?xml version="1.0"?>
<!--Created by Custom Compiler (TM), build , on Tue Apr 13 16:00:39 2021-->
<file-format name="stateCategory" version="1.0">
 <object type="saDesignVariables" name="designVariables" version="1">
  <attribute value="default" type="giString" name="variableSet"/>
  <collection name="variableSets">
   <object type="saDesignVariableSet" name="variableSets" version="1">
    <collection name="designVariables"/>
    <attribute value="default" type="giString" name="name"/>
   </object>
  </collection>
 </object>
</file-format>
