<?xml version="1.0"?>
<!--Created by Custom Compiler (TM), build , on Tue Apr 13 16:00:39 2021-->
<file-format name="stateCategory" version="1.0">
 <object type="saJobOptions" name="jobOptions" version="1">
  <attribute value="Background" type="giString" name="measurementsCalculationMode"/>
  <attribute value="" type="giString" name="measurementsCommandPrefix"/>
  <attribute value="" type="giString" name="measurementsDisplayName"/>
  <attribute value="Current" type="saDisplayEnum" name="measurementsDisplayType"/>
  <attribute value="" type="giString" name="measurementsDisplayWrapperScript"/>
  <attribute value="" type="giString" name="measurementsGridOptions"/>
  <attribute value="SAEShell" type="giString" name="measurementsJobClass"/>
  <attribute value="" type="giString" name="netlistingGridOptions"/>
  <attribute value="Netlisting" type="giString" name="netlistingJobClass"/>
  <attribute value="~/simulation" type="giString" name="remoteSimDir"/>
  <attribute value="/SCRATCH" type="giString" name="scratchDir"/>
  <attribute value="" type="giString" name="simulationCommandPrefix"/>
  <attribute value="" type="giString" name="simulationGridOptions"/>
  <attribute value="Simulation" type="giString" name="simulationJobClass"/>
  <attribute value="0" type="giBoolean" name="useScratchDir"/>
 </object>
</file-format>
