<?xml version="1.0"?>
<!--Created by Custom Compiler (TM), build , on Tue Apr 13 16:00:39 2021-->
<file-format name="stateCategory" version="1.0">
 <object type="saModelSetup" name="models" version="1">
  <attribute value="1" type="giBoolean" name="includeGlobal"/>
  <attribute value="/afs/eos.ncsu.edu/lockers/research/ece/wdavis/tech/FreePDK15/syncust/NCSU_TechLib_FreePDK15/../../hspice/models/" type="giString" name="includePath"/>
  <collection name="modelFiles">
   <object type="saModelFile" name="modelFiles" version="1">
    <attribute value="1" type="giBoolean" name="enabled"/>
    <attribute value="fet.inc" type="giString" name="filename"/>
    <attribute value="CMG" type="giString" name="section"/>
   </object>
  </collection>
  <collection name="modelGroupDefs"/>
  <collection name="modelGroups"/>
 </object>
</file-format>
