<?xml version="1.0"?>
<!--Created by Custom Compiler (TM), build , on Tue Apr 13 20:53:08 2021-->
<file-format name="stateCategory" version="1.0">
 <object name="outputs" version="1" type="saOutputs">
  <collection name="customPlotModes"/>
  <attribute name="importMeasures" type="giBoolean" value="1"/>
  <attribute name="outputSet" type="giString" value="default"/>
  <collection name="outputSets">
   <object name="outputSets" version="1" type="saOutputSet">
    <collection name="histogramCharts"/>
    <attribute name="name" type="giString" value="default"/>
    <collection name="outputs">
     <object name="outputs" version="1" type="saOutput">
      <attribute name="analyses" type="giString" value="tran"/>
      <attribute name="description" type="giString" value=""/>
      <attribute name="errorMessage" type="giString" value=""/>
      <attribute name="expr" type="giString" value="v(/CLK)"/>
      <attribute name="goalExpression" type="giString" value=" None "/>
      <attribute name="hasSpec" type="giBoolean" value="0"/>
      <attribute name="imageTitle" type="giString" value="%e %c %s %m %t"/>
      <collection name="mappedExpressions">
       <object name="mappedExpressions" type="wfExpression">
        <attribute name="analysisName" type="giString" value=""/>
        <attribute name="color" type="giString" value="255:0:0"/>
        <attribute name="enabled" type="giBoolean" value="1"/>
        <attribute name="exprIndex" type="giInt" value="2"/>
        <attribute name="expression" type="giString" value="v(/CLK)"/>
        <attribute name="global" type="giBoolean" value="0"/>
        <attribute name="isPlotted" type="giBoolean" value="0"/>
        <attribute name="logicRadix" type="enLogicRadixType" value="auto"/>
        <attribute name="modifier" type="giString" value=""/>
        <attribute name="name" type="giString" value=""/>
        <attribute name="params" type="giString" value=""/>
        <attribute name="plot" type="giBoolean" value="1"/>
        <attribute name="plotType" type="enGraphType" value="auto"/>
        <attribute name="resultType" type="giString" value="tran"/>
        <attribute name="type" type="enOutputType" value="net"/>
        <attribute name="units" type="giString" value=""/>
        <collection name="values"/>
       </object>
      </collection>
      <attribute name="name" type="giString" value=""/>
      <attribute name="outputType" type="enOutputType" value="net"/>
      <attribute name="plot" type="giBoolean" value="1"/>
      <attribute name="plotType" type="enGraphType" value="auto"/>
      <attribute name="precision" type="giInt" value="6"/>
      <attribute name="probe" type="giString" value="plotpacket0"/>
      <attribute name="resultsViewer" type="giBoolean" value="1"/>
      <attribute name="save" type="giBoolean" value="1"/>
      <attribute name="saveImage" type="giBoolean" value="0"/>
      <collection name="specs">
       <object name="specs" version="1" type="saSpecification">
        <attribute name="analysis" type="giString" value=""/>
        <attribute name="enabled" type="giBoolean" value="1"/>
        <attribute name="extGoalType" type="enGoalType" value="Greater Than"/>
        <attribute name="goal" type="giString" value=""/>
        <attribute name="goalHigh" type="giString" value=""/>
        <attribute name="goalLow" type="giString" value=""/>
        <attribute name="goalType" type="enGoalType" value="Greater Than"/>
        <attribute name="poor" type="giString" value="0%"/>
        <attribute name="poorHigh" type="giString" value="0%"/>
        <attribute name="poorLow" type="giString" value="0%"/>
       </object>
      </collection>
      <attribute name="suffix" type="giString" value=""/>
      <attribute name="units" type="giString" value=""/>
     </object>
     <object name="outputs" version="1" type="saOutput">
      <attribute name="analyses" type="giString" value="tran"/>
      <attribute name="description" type="giString" value=""/>
      <attribute name="errorMessage" type="giString" value=""/>
      <attribute name="expr" type="giString" value="v(/WENB)"/>
      <attribute name="goalExpression" type="giString" value=" None "/>
      <attribute name="hasSpec" type="giBoolean" value="0"/>
      <attribute name="imageTitle" type="giString" value="%e %c %s %m %t"/>
      <collection name="mappedExpressions">
       <object name="mappedExpressions" type="wfExpression">
        <attribute name="analysisName" type="giString" value=""/>
        <attribute name="color" type="giString" value="204:0:255"/>
        <attribute name="enabled" type="giBoolean" value="1"/>
        <attribute name="exprIndex" type="giInt" value="3"/>
        <attribute name="expression" type="giString" value="v(/WENB)"/>
        <attribute name="global" type="giBoolean" value="0"/>
        <attribute name="isPlotted" type="giBoolean" value="0"/>
        <attribute name="logicRadix" type="enLogicRadixType" value="auto"/>
        <attribute name="modifier" type="giString" value=""/>
        <attribute name="name" type="giString" value=""/>
        <attribute name="params" type="giString" value=""/>
        <attribute name="plot" type="giBoolean" value="1"/>
        <attribute name="plotType" type="enGraphType" value="auto"/>
        <attribute name="resultType" type="giString" value="tran"/>
        <attribute name="type" type="enOutputType" value="net"/>
        <attribute name="units" type="giString" value=""/>
        <collection name="values"/>
       </object>
      </collection>
      <attribute name="name" type="giString" value=""/>
      <attribute name="outputType" type="enOutputType" value="net"/>
      <attribute name="plot" type="giBoolean" value="1"/>
      <attribute name="plotType" type="enGraphType" value="auto"/>
      <attribute name="precision" type="giInt" value="6"/>
      <attribute name="probe" type="giString" value="plotpacket1"/>
      <attribute name="resultsViewer" type="giBoolean" value="1"/>
      <attribute name="save" type="giBoolean" value="1"/>
      <attribute name="saveImage" type="giBoolean" value="0"/>
      <collection name="specs">
       <object name="specs" version="1" type="saSpecification">
        <attribute name="analysis" type="giString" value=""/>
        <attribute name="enabled" type="giBoolean" value="1"/>
        <attribute name="extGoalType" type="enGoalType" value="Greater Than"/>
        <attribute name="goal" type="giString" value=""/>
        <attribute name="goalHigh" type="giString" value=""/>
        <attribute name="goalLow" type="giString" value=""/>
        <attribute name="goalType" type="enGoalType" value="Greater Than"/>
        <attribute name="poor" type="giString" value="0%"/>
        <attribute name="poorHigh" type="giString" value="0%"/>
        <attribute name="poorLow" type="giString" value="0%"/>
       </object>
      </collection>
      <attribute name="suffix" type="giString" value=""/>
      <attribute name="units" type="giString" value=""/>
     </object>
     <object name="outputs" version="1" type="saOutput">
      <attribute name="analyses" type="giString" value="tran"/>
      <attribute name="description" type="giString" value=""/>
      <attribute name="errorMessage" type="giString" value=""/>
      <attribute name="expr" type="giString" value="v(/AW1)"/>
      <attribute name="goalExpression" type="giString" value=" None "/>
      <attribute name="hasSpec" type="giBoolean" value="0"/>
      <attribute name="imageTitle" type="giString" value="%e %c %s %m %t"/>
      <collection name="mappedExpressions">
       <object name="mappedExpressions" type="wfExpression">
        <attribute name="analysisName" type="giString" value=""/>
        <attribute name="color" type="giString" value="0:255:102"/>
        <attribute name="enabled" type="giBoolean" value="1"/>
        <attribute name="exprIndex" type="giInt" value="4"/>
        <attribute name="expression" type="giString" value="v(/AW1)"/>
        <attribute name="global" type="giBoolean" value="0"/>
        <attribute name="isPlotted" type="giBoolean" value="0"/>
        <attribute name="logicRadix" type="enLogicRadixType" value="auto"/>
        <attribute name="modifier" type="giString" value=""/>
        <attribute name="name" type="giString" value=""/>
        <attribute name="params" type="giString" value=""/>
        <attribute name="plot" type="giBoolean" value="1"/>
        <attribute name="plotType" type="enGraphType" value="auto"/>
        <attribute name="resultType" type="giString" value="tran"/>
        <attribute name="type" type="enOutputType" value="net"/>
        <attribute name="units" type="giString" value=""/>
        <collection name="values"/>
       </object>
      </collection>
      <attribute name="name" type="giString" value=""/>
      <attribute name="outputType" type="enOutputType" value="net"/>
      <attribute name="plot" type="giBoolean" value="1"/>
      <attribute name="plotType" type="enGraphType" value="auto"/>
      <attribute name="precision" type="giInt" value="6"/>
      <attribute name="probe" type="giString" value="plotpacket2"/>
      <attribute name="resultsViewer" type="giBoolean" value="1"/>
      <attribute name="save" type="giBoolean" value="1"/>
      <attribute name="saveImage" type="giBoolean" value="0"/>
      <collection name="specs">
       <object name="specs" version="1" type="saSpecification">
        <attribute name="analysis" type="giString" value=""/>
        <attribute name="enabled" type="giBoolean" value="1"/>
        <attribute name="extGoalType" type="enGoalType" value="Greater Than"/>
        <attribute name="goal" type="giString" value=""/>
        <attribute name="goalHigh" type="giString" value=""/>
        <attribute name="goalLow" type="giString" value=""/>
        <attribute name="goalType" type="enGoalType" value="Greater Than"/>
        <attribute name="poor" type="giString" value="0%"/>
        <attribute name="poorHigh" type="giString" value="0%"/>
        <attribute name="poorLow" type="giString" value="0%"/>
       </object>
      </collection>
      <attribute name="suffix" type="giString" value=""/>
      <attribute name="units" type="giString" value=""/>
     </object>
     <object name="outputs" version="1" type="saOutput">
      <attribute name="analyses" type="giString" value="tran"/>
      <attribute name="description" type="giString" value=""/>
      <attribute name="errorMessage" type="giString" value=""/>
      <attribute name="expr" type="giString" value="v(/AW0)"/>
      <attribute name="goalExpression" type="giString" value=" None "/>
      <attribute name="hasSpec" type="giBoolean" value="0"/>
      <attribute name="imageTitle" type="giString" value="%e %c %s %m %t"/>
      <collection name="mappedExpressions">
       <object name="mappedExpressions" type="wfExpression">
        <attribute name="analysisName" type="giString" value=""/>
        <attribute name="color" type="giString" value="204:255:0"/>
        <attribute name="enabled" type="giBoolean" value="1"/>
        <attribute name="exprIndex" type="giInt" value="5"/>
        <attribute name="expression" type="giString" value="v(/AW0)"/>
        <attribute name="global" type="giBoolean" value="0"/>
        <attribute name="isPlotted" type="giBoolean" value="0"/>
        <attribute name="logicRadix" type="enLogicRadixType" value="auto"/>
        <attribute name="modifier" type="giString" value=""/>
        <attribute name="name" type="giString" value=""/>
        <attribute name="params" type="giString" value=""/>
        <attribute name="plot" type="giBoolean" value="1"/>
        <attribute name="plotType" type="enGraphType" value="auto"/>
        <attribute name="resultType" type="giString" value="tran"/>
        <attribute name="type" type="enOutputType" value="net"/>
        <attribute name="units" type="giString" value=""/>
        <collection name="values"/>
       </object>
      </collection>
      <attribute name="name" type="giString" value=""/>
      <attribute name="outputType" type="enOutputType" value="net"/>
      <attribute name="plot" type="giBoolean" value="1"/>
      <attribute name="plotType" type="enGraphType" value="auto"/>
      <attribute name="precision" type="giInt" value="6"/>
      <attribute name="probe" type="giString" value="plotpacket3"/>
      <attribute name="resultsViewer" type="giBoolean" value="1"/>
      <attribute name="save" type="giBoolean" value="1"/>
      <attribute name="saveImage" type="giBoolean" value="0"/>
      <collection name="specs">
       <object name="specs" version="1" type="saSpecification">
        <attribute name="analysis" type="giString" value=""/>
        <attribute name="enabled" type="giBoolean" value="1"/>
        <attribute name="extGoalType" type="enGoalType" value="Greater Than"/>
        <attribute name="goal" type="giString" value=""/>
        <attribute name="goalHigh" type="giString" value=""/>
        <attribute name="goalLow" type="giString" value=""/>
        <attribute name="goalType" type="enGoalType" value="Greater Than"/>
        <attribute name="poor" type="giString" value="0%"/>
        <attribute name="poorHigh" type="giString" value="0%"/>
        <attribute name="poorLow" type="giString" value="0%"/>
       </object>
      </collection>
      <attribute name="suffix" type="giString" value=""/>
      <attribute name="units" type="giString" value=""/>
     </object>
     <object name="outputs" version="1" type="saOutput">
      <attribute name="analyses" type="giString" value="tran"/>
      <attribute name="description" type="giString" value=""/>
      <attribute name="errorMessage" type="giString" value=""/>
      <attribute name="expr" type="giString" value="v(/DW3)"/>
      <attribute name="goalExpression" type="giString" value=" None "/>
      <attribute name="hasSpec" type="giBoolean" value="0"/>
      <attribute name="imageTitle" type="giString" value="%e %c %s %m %t"/>
      <collection name="mappedExpressions">
       <object name="mappedExpressions" type="wfExpression">
        <attribute name="analysisName" type="giString" value=""/>
        <attribute name="color" type="giString" value="0:102:255"/>
        <attribute name="enabled" type="giBoolean" value="1"/>
        <attribute name="exprIndex" type="giInt" value="6"/>
        <attribute name="expression" type="giString" value="v(/DW3)"/>
        <attribute name="global" type="giBoolean" value="0"/>
        <attribute name="isPlotted" type="giBoolean" value="0"/>
        <attribute name="logicRadix" type="enLogicRadixType" value="auto"/>
        <attribute name="modifier" type="giString" value=""/>
        <attribute name="name" type="giString" value=""/>
        <attribute name="params" type="giString" value=""/>
        <attribute name="plot" type="giBoolean" value="1"/>
        <attribute name="plotType" type="enGraphType" value="auto"/>
        <attribute name="resultType" type="giString" value="tran"/>
        <attribute name="type" type="enOutputType" value="net"/>
        <attribute name="units" type="giString" value=""/>
        <collection name="values"/>
       </object>
      </collection>
      <attribute name="name" type="giString" value=""/>
      <attribute name="outputType" type="enOutputType" value="net"/>
      <attribute name="plot" type="giBoolean" value="1"/>
      <attribute name="plotType" type="enGraphType" value="auto"/>
      <attribute name="precision" type="giInt" value="6"/>
      <attribute name="probe" type="giString" value="plotpacket4"/>
      <attribute name="resultsViewer" type="giBoolean" value="1"/>
      <attribute name="save" type="giBoolean" value="1"/>
      <attribute name="saveImage" type="giBoolean" value="0"/>
      <collection name="specs">
       <object name="specs" version="1" type="saSpecification">
        <attribute name="analysis" type="giString" value=""/>
        <attribute name="enabled" type="giBoolean" value="1"/>
        <attribute name="extGoalType" type="enGoalType" value="Greater Than"/>
        <attribute name="goal" type="giString" value=""/>
        <attribute name="goalHigh" type="giString" value=""/>
        <attribute name="goalLow" type="giString" value=""/>
        <attribute name="goalType" type="enGoalType" value="Greater Than"/>
        <attribute name="poor" type="giString" value="0%"/>
        <attribute name="poorHigh" type="giString" value="0%"/>
        <attribute name="poorLow" type="giString" value="0%"/>
       </object>
      </collection>
      <attribute name="suffix" type="giString" value=""/>
      <attribute name="units" type="giString" value=""/>
     </object>
     <object name="outputs" version="1" type="saOutput">
      <attribute name="analyses" type="giString" value="tran"/>
      <attribute name="description" type="giString" value=""/>
      <attribute name="errorMessage" type="giString" value=""/>
      <attribute name="expr" type="giString" value="v(/DW2)"/>
      <attribute name="goalExpression" type="giString" value=" None "/>
      <attribute name="hasSpec" type="giBoolean" value="0"/>
      <attribute name="imageTitle" type="giString" value="%e %c %s %m %t"/>
      <collection name="mappedExpressions">
       <object name="mappedExpressions" type="wfExpression">
        <attribute name="analysisName" type="giString" value=""/>
        <attribute name="color" type="giString" value="255:153:0"/>
        <attribute name="enabled" type="giBoolean" value="1"/>
        <attribute name="exprIndex" type="giInt" value="7"/>
        <attribute name="expression" type="giString" value="v(/DW2)"/>
        <attribute name="global" type="giBoolean" value="0"/>
        <attribute name="isPlotted" type="giBoolean" value="0"/>
        <attribute name="logicRadix" type="enLogicRadixType" value="auto"/>
        <attribute name="modifier" type="giString" value=""/>
        <attribute name="name" type="giString" value=""/>
        <attribute name="params" type="giString" value=""/>
        <attribute name="plot" type="giBoolean" value="1"/>
        <attribute name="plotType" type="enGraphType" value="auto"/>
        <attribute name="resultType" type="giString" value="tran"/>
        <attribute name="type" type="enOutputType" value="net"/>
        <attribute name="units" type="giString" value=""/>
        <collection name="values"/>
       </object>
      </collection>
      <attribute name="name" type="giString" value=""/>
      <attribute name="outputType" type="enOutputType" value="net"/>
      <attribute name="plot" type="giBoolean" value="1"/>
      <attribute name="plotType" type="enGraphType" value="auto"/>
      <attribute name="precision" type="giInt" value="6"/>
      <attribute name="probe" type="giString" value="plotpacket5"/>
      <attribute name="resultsViewer" type="giBoolean" value="1"/>
      <attribute name="save" type="giBoolean" value="1"/>
      <attribute name="saveImage" type="giBoolean" value="0"/>
      <collection name="specs">
       <object name="specs" version="1" type="saSpecification">
        <attribute name="analysis" type="giString" value=""/>
        <attribute name="enabled" type="giBoolean" value="1"/>
        <attribute name="extGoalType" type="enGoalType" value="Greater Than"/>
        <attribute name="goal" type="giString" value=""/>
        <attribute name="goalHigh" type="giString" value=""/>
        <attribute name="goalLow" type="giString" value=""/>
        <attribute name="goalType" type="enGoalType" value="Greater Than"/>
        <attribute name="poor" type="giString" value="0%"/>
        <attribute name="poorHigh" type="giString" value="0%"/>
        <attribute name="poorLow" type="giString" value="0%"/>
       </object>
      </collection>
      <attribute name="suffix" type="giString" value=""/>
      <attribute name="units" type="giString" value=""/>
     </object>
     <object name="outputs" version="1" type="saOutput">
      <attribute name="analyses" type="giString" value="tran"/>
      <attribute name="description" type="giString" value=""/>
      <attribute name="errorMessage" type="giString" value=""/>
      <attribute name="expr" type="giString" value="v(/DW1)"/>
      <attribute name="goalExpression" type="giString" value=" None "/>
      <attribute name="hasSpec" type="giBoolean" value="0"/>
      <attribute name="imageTitle" type="giString" value="%e %c %s %m %t"/>
      <collection name="mappedExpressions">
       <object name="mappedExpressions" type="wfExpression">
        <attribute name="analysisName" type="giString" value=""/>
        <attribute name="color" type="giString" value="255:0:153"/>
        <attribute name="enabled" type="giBoolean" value="1"/>
        <attribute name="exprIndex" type="giInt" value="8"/>
        <attribute name="expression" type="giString" value="v(/DW1)"/>
        <attribute name="global" type="giBoolean" value="0"/>
        <attribute name="isPlotted" type="giBoolean" value="0"/>
        <attribute name="logicRadix" type="enLogicRadixType" value="auto"/>
        <attribute name="modifier" type="giString" value=""/>
        <attribute name="name" type="giString" value=""/>
        <attribute name="params" type="giString" value=""/>
        <attribute name="plot" type="giBoolean" value="1"/>
        <attribute name="plotType" type="enGraphType" value="auto"/>
        <attribute name="resultType" type="giString" value="tran"/>
        <attribute name="type" type="enOutputType" value="net"/>
        <attribute name="units" type="giString" value=""/>
        <collection name="values"/>
       </object>
      </collection>
      <attribute name="name" type="giString" value=""/>
      <attribute name="outputType" type="enOutputType" value="net"/>
      <attribute name="plot" type="giBoolean" value="1"/>
      <attribute name="plotType" type="enGraphType" value="auto"/>
      <attribute name="precision" type="giInt" value="6"/>
      <attribute name="probe" type="giString" value="plotpacket6"/>
      <attribute name="resultsViewer" type="giBoolean" value="1"/>
      <attribute name="save" type="giBoolean" value="1"/>
      <attribute name="saveImage" type="giBoolean" value="0"/>
      <collection name="specs">
       <object name="specs" version="1" type="saSpecification">
        <attribute name="analysis" type="giString" value=""/>
        <attribute name="enabled" type="giBoolean" value="1"/>
        <attribute name="extGoalType" type="enGoalType" value="Greater Than"/>
        <attribute name="goal" type="giString" value=""/>
        <attribute name="goalHigh" type="giString" value=""/>
        <attribute name="goalLow" type="giString" value=""/>
        <attribute name="goalType" type="enGoalType" value="Greater Than"/>
        <attribute name="poor" type="giString" value="0%"/>
        <attribute name="poorHigh" type="giString" value="0%"/>
        <attribute name="poorLow" type="giString" value="0%"/>
       </object>
      </collection>
      <attribute name="suffix" type="giString" value=""/>
      <attribute name="units" type="giString" value=""/>
     </object>
     <object name="outputs" version="1" type="saOutput">
      <attribute name="analyses" type="giString" value="tran"/>
      <attribute name="description" type="giString" value=""/>
      <attribute name="errorMessage" type="giString" value=""/>
      <attribute name="expr" type="giString" value="v(/DW0)"/>
      <attribute name="goalExpression" type="giString" value=" None "/>
      <attribute name="hasSpec" type="giBoolean" value="0"/>
      <attribute name="imageTitle" type="giString" value="%e %c %s %m %t"/>
      <collection name="mappedExpressions">
       <object name="mappedExpressions" type="wfExpression">
        <attribute name="analysisName" type="giString" value=""/>
        <attribute name="color" type="giString" value="0:255:255"/>
        <attribute name="enabled" type="giBoolean" value="1"/>
        <attribute name="exprIndex" type="giInt" value="9"/>
        <attribute name="expression" type="giString" value="v(/DW0)"/>
        <attribute name="global" type="giBoolean" value="0"/>
        <attribute name="isPlotted" type="giBoolean" value="0"/>
        <attribute name="logicRadix" type="enLogicRadixType" value="auto"/>
        <attribute name="modifier" type="giString" value=""/>
        <attribute name="name" type="giString" value=""/>
        <attribute name="params" type="giString" value=""/>
        <attribute name="plot" type="giBoolean" value="1"/>
        <attribute name="plotType" type="enGraphType" value="auto"/>
        <attribute name="resultType" type="giString" value="tran"/>
        <attribute name="type" type="enOutputType" value="net"/>
        <attribute name="units" type="giString" value=""/>
        <collection name="values"/>
       </object>
      </collection>
      <attribute name="name" type="giString" value=""/>
      <attribute name="outputType" type="enOutputType" value="net"/>
      <attribute name="plot" type="giBoolean" value="1"/>
      <attribute name="plotType" type="enGraphType" value="auto"/>
      <attribute name="precision" type="giInt" value="6"/>
      <attribute name="probe" type="giString" value="plotpacket7"/>
      <attribute name="resultsViewer" type="giBoolean" value="1"/>
      <attribute name="save" type="giBoolean" value="1"/>
      <attribute name="saveImage" type="giBoolean" value="0"/>
      <collection name="specs">
       <object name="specs" version="1" type="saSpecification">
        <attribute name="analysis" type="giString" value=""/>
        <attribute name="enabled" type="giBoolean" value="1"/>
        <attribute name="extGoalType" type="enGoalType" value="Greater Than"/>
        <attribute name="goal" type="giString" value=""/>
        <attribute name="goalHigh" type="giString" value=""/>
        <attribute name="goalLow" type="giString" value=""/>
        <attribute name="goalType" type="enGoalType" value="Greater Than"/>
        <attribute name="poor" type="giString" value="0%"/>
        <attribute name="poorHigh" type="giString" value="0%"/>
        <attribute name="poorLow" type="giString" value="0%"/>
       </object>
      </collection>
      <attribute name="suffix" type="giString" value=""/>
      <attribute name="units" type="giString" value=""/>
     </object>
     <object name="outputs" version="1" type="saOutput">
      <attribute name="analyses" type="giString" value="tran"/>
      <attribute name="description" type="giString" value=""/>
      <attribute name="errorMessage" type="giString" value=""/>
      <attribute name="expr" type="giString" value="v(/AR1)"/>
      <attribute name="goalExpression" type="giString" value=" None "/>
      <attribute name="hasSpec" type="giBoolean" value="0"/>
      <attribute name="imageTitle" type="giString" value="%e %c %s %m %t"/>
      <collection name="mappedExpressions">
       <object name="mappedExpressions" type="wfExpression">
        <attribute name="analysisName" type="giString" value=""/>
        <attribute name="color" type="giString" value="51:255:0"/>
        <attribute name="enabled" type="giBoolean" value="1"/>
        <attribute name="exprIndex" type="giInt" value="10"/>
        <attribute name="expression" type="giString" value="v(/AR1)"/>
        <attribute name="global" type="giBoolean" value="0"/>
        <attribute name="isPlotted" type="giBoolean" value="0"/>
        <attribute name="logicRadix" type="enLogicRadixType" value="auto"/>
        <attribute name="modifier" type="giString" value=""/>
        <attribute name="name" type="giString" value=""/>
        <attribute name="params" type="giString" value=""/>
        <attribute name="plot" type="giBoolean" value="1"/>
        <attribute name="plotType" type="enGraphType" value="auto"/>
        <attribute name="resultType" type="giString" value="tran"/>
        <attribute name="type" type="enOutputType" value="net"/>
        <attribute name="units" type="giString" value=""/>
        <collection name="values"/>
       </object>
      </collection>
      <attribute name="name" type="giString" value=""/>
      <attribute name="outputType" type="enOutputType" value="net"/>
      <attribute name="plot" type="giBoolean" value="1"/>
      <attribute name="plotType" type="enGraphType" value="auto"/>
      <attribute name="precision" type="giInt" value="6"/>
      <attribute name="probe" type="giString" value="plotpacket8"/>
      <attribute name="resultsViewer" type="giBoolean" value="1"/>
      <attribute name="save" type="giBoolean" value="1"/>
      <attribute name="saveImage" type="giBoolean" value="0"/>
      <collection name="specs">
       <object name="specs" version="1" type="saSpecification">
        <attribute name="analysis" type="giString" value=""/>
        <attribute name="enabled" type="giBoolean" value="1"/>
        <attribute name="extGoalType" type="enGoalType" value="Greater Than"/>
        <attribute name="goal" type="giString" value=""/>
        <attribute name="goalHigh" type="giString" value=""/>
        <attribute name="goalLow" type="giString" value=""/>
        <attribute name="goalType" type="enGoalType" value="Greater Than"/>
        <attribute name="poor" type="giString" value="0%"/>
        <attribute name="poorHigh" type="giString" value="0%"/>
        <attribute name="poorLow" type="giString" value="0%"/>
       </object>
      </collection>
      <attribute name="suffix" type="giString" value=""/>
      <attribute name="units" type="giString" value=""/>
     </object>
     <object name="outputs" version="1" type="saOutput">
      <attribute name="analyses" type="giString" value="tran"/>
      <attribute name="description" type="giString" value=""/>
      <attribute name="errorMessage" type="giString" value=""/>
      <attribute name="expr" type="giString" value="v(/AR0)"/>
      <attribute name="goalExpression" type="giString" value=" None "/>
      <attribute name="hasSpec" type="giBoolean" value="0"/>
      <attribute name="imageTitle" type="giString" value="%e %c %s %m %t"/>
      <collection name="mappedExpressions">
       <object name="mappedExpressions" type="wfExpression">
        <attribute name="analysisName" type="giString" value=""/>
        <attribute name="color" type="giString" value="51:0:255"/>
        <attribute name="enabled" type="giBoolean" value="1"/>
        <attribute name="exprIndex" type="giInt" value="11"/>
        <attribute name="expression" type="giString" value="v(/AR0)"/>
        <attribute name="global" type="giBoolean" value="0"/>
        <attribute name="isPlotted" type="giBoolean" value="0"/>
        <attribute name="logicRadix" type="enLogicRadixType" value="auto"/>
        <attribute name="modifier" type="giString" value=""/>
        <attribute name="name" type="giString" value=""/>
        <attribute name="params" type="giString" value=""/>
        <attribute name="plot" type="giBoolean" value="1"/>
        <attribute name="plotType" type="enGraphType" value="auto"/>
        <attribute name="resultType" type="giString" value="tran"/>
        <attribute name="type" type="enOutputType" value="net"/>
        <attribute name="units" type="giString" value=""/>
        <collection name="values"/>
       </object>
      </collection>
      <attribute name="name" type="giString" value=""/>
      <attribute name="outputType" type="enOutputType" value="net"/>
      <attribute name="plot" type="giBoolean" value="1"/>
      <attribute name="plotType" type="enGraphType" value="auto"/>
      <attribute name="precision" type="giInt" value="6"/>
      <attribute name="probe" type="giString" value="plotpacket9"/>
      <attribute name="resultsViewer" type="giBoolean" value="1"/>
      <attribute name="save" type="giBoolean" value="1"/>
      <attribute name="saveImage" type="giBoolean" value="0"/>
      <collection name="specs">
       <object name="specs" version="1" type="saSpecification">
        <attribute name="analysis" type="giString" value=""/>
        <attribute name="enabled" type="giBoolean" value="1"/>
        <attribute name="extGoalType" type="enGoalType" value="Greater Than"/>
        <attribute name="goal" type="giString" value=""/>
        <attribute name="goalHigh" type="giString" value=""/>
        <attribute name="goalLow" type="giString" value=""/>
        <attribute name="goalType" type="enGoalType" value="Greater Than"/>
        <attribute name="poor" type="giString" value="0%"/>
        <attribute name="poorHigh" type="giString" value="0%"/>
        <attribute name="poorLow" type="giString" value="0%"/>
       </object>
      </collection>
      <attribute name="suffix" type="giString" value=""/>
      <attribute name="units" type="giString" value=""/>
     </object>
     <object name="outputs" version="1" type="saOutput">
      <attribute name="analyses" type="giString" value="tran"/>
      <attribute name="description" type="giString" value=""/>
      <attribute name="errorMessage" type="giString" value=""/>
      <attribute name="expr" type="giString" value="v(/DR3)"/>
      <attribute name="goalExpression" type="giString" value=" None "/>
      <attribute name="hasSpec" type="giBoolean" value="0"/>
      <attribute name="imageTitle" type="giString" value="%e %c %s %m %t"/>
      <collection name="mappedExpressions">
       <object name="mappedExpressions" type="wfExpression">
        <attribute name="analysisName" type="giString" value=""/>
        <attribute name="color" type="giString" value="255:153:153"/>
        <attribute name="enabled" type="giBoolean" value="1"/>
        <attribute name="exprIndex" type="giInt" value="12"/>
        <attribute name="expression" type="giString" value="v(/DR3)"/>
        <attribute name="global" type="giBoolean" value="0"/>
        <attribute name="isPlotted" type="giBoolean" value="0"/>
        <attribute name="logicRadix" type="enLogicRadixType" value="auto"/>
        <attribute name="modifier" type="giString" value=""/>
        <attribute name="name" type="giString" value=""/>
        <attribute name="params" type="giString" value=""/>
        <attribute name="plot" type="giBoolean" value="1"/>
        <attribute name="plotType" type="enGraphType" value="auto"/>
        <attribute name="resultType" type="giString" value="tran"/>
        <attribute name="type" type="enOutputType" value="net"/>
        <attribute name="units" type="giString" value=""/>
        <collection name="values"/>
       </object>
      </collection>
      <attribute name="name" type="giString" value=""/>
      <attribute name="outputType" type="enOutputType" value="net"/>
      <attribute name="plot" type="giBoolean" value="1"/>
      <attribute name="plotType" type="enGraphType" value="auto"/>
      <attribute name="precision" type="giInt" value="6"/>
      <attribute name="probe" type="giString" value="plotpacket10"/>
      <attribute name="resultsViewer" type="giBoolean" value="1"/>
      <attribute name="save" type="giBoolean" value="1"/>
      <attribute name="saveImage" type="giBoolean" value="0"/>
      <collection name="specs">
       <object name="specs" version="1" type="saSpecification">
        <attribute name="analysis" type="giString" value=""/>
        <attribute name="enabled" type="giBoolean" value="1"/>
        <attribute name="extGoalType" type="enGoalType" value="Greater Than"/>
        <attribute name="goal" type="giString" value=""/>
        <attribute name="goalHigh" type="giString" value=""/>
        <attribute name="goalLow" type="giString" value=""/>
        <attribute name="goalType" type="enGoalType" value="Greater Than"/>
        <attribute name="poor" type="giString" value="0%"/>
        <attribute name="poorHigh" type="giString" value="0%"/>
        <attribute name="poorLow" type="giString" value="0%"/>
       </object>
      </collection>
      <attribute name="suffix" type="giString" value=""/>
      <attribute name="units" type="giString" value=""/>
     </object>
     <object name="outputs" version="1" type="saOutput">
      <attribute name="analyses" type="giString" value="tran"/>
      <attribute name="description" type="giString" value=""/>
      <attribute name="errorMessage" type="giString" value=""/>
      <attribute name="expr" type="giString" value="v(/DR2)"/>
      <attribute name="goalExpression" type="giString" value=" None "/>
      <attribute name="hasSpec" type="giBoolean" value="0"/>
      <attribute name="imageTitle" type="giString" value="%e %c %s %m %t"/>
      <collection name="mappedExpressions">
       <object name="mappedExpressions" type="wfExpression">
        <attribute name="analysisName" type="giString" value=""/>
        <attribute name="color" type="giString" value="235:153:255"/>
        <attribute name="enabled" type="giBoolean" value="1"/>
        <attribute name="exprIndex" type="giInt" value="13"/>
        <attribute name="expression" type="giString" value="v(/DR2)"/>
        <attribute name="global" type="giBoolean" value="0"/>
        <attribute name="isPlotted" type="giBoolean" value="0"/>
        <attribute name="logicRadix" type="enLogicRadixType" value="auto"/>
        <attribute name="modifier" type="giString" value=""/>
        <attribute name="name" type="giString" value=""/>
        <attribute name="params" type="giString" value=""/>
        <attribute name="plot" type="giBoolean" value="1"/>
        <attribute name="plotType" type="enGraphType" value="auto"/>
        <attribute name="resultType" type="giString" value="tran"/>
        <attribute name="type" type="enOutputType" value="net"/>
        <attribute name="units" type="giString" value=""/>
        <collection name="values"/>
       </object>
      </collection>
      <attribute name="name" type="giString" value=""/>
      <attribute name="outputType" type="enOutputType" value="net"/>
      <attribute name="plot" type="giBoolean" value="1"/>
      <attribute name="plotType" type="enGraphType" value="auto"/>
      <attribute name="precision" type="giInt" value="6"/>
      <attribute name="probe" type="giString" value="plotpacket11"/>
      <attribute name="resultsViewer" type="giBoolean" value="1"/>
      <attribute name="save" type="giBoolean" value="1"/>
      <attribute name="saveImage" type="giBoolean" value="0"/>
      <collection name="specs">
       <object name="specs" version="1" type="saSpecification">
        <attribute name="analysis" type="giString" value=""/>
        <attribute name="enabled" type="giBoolean" value="1"/>
        <attribute name="extGoalType" type="enGoalType" value="Greater Than"/>
        <attribute name="goal" type="giString" value=""/>
        <attribute name="goalHigh" type="giString" value=""/>
        <attribute name="goalLow" type="giString" value=""/>
        <attribute name="goalType" type="enGoalType" value="Greater Than"/>
        <attribute name="poor" type="giString" value="0%"/>
        <attribute name="poorHigh" type="giString" value="0%"/>
        <attribute name="poorLow" type="giString" value="0%"/>
       </object>
      </collection>
      <attribute name="suffix" type="giString" value=""/>
      <attribute name="units" type="giString" value=""/>
     </object>
     <object name="outputs" version="1" type="saOutput">
      <attribute name="analyses" type="giString" value="tran"/>
      <attribute name="description" type="giString" value=""/>
      <attribute name="errorMessage" type="giString" value=""/>
      <attribute name="expr" type="giString" value="v(/DR1)"/>
      <attribute name="goalExpression" type="giString" value=" None "/>
      <attribute name="hasSpec" type="giBoolean" value="0"/>
      <attribute name="imageTitle" type="giString" value="%e %c %s %m %t"/>
      <collection name="mappedExpressions">
       <object name="mappedExpressions" type="wfExpression">
        <attribute name="analysisName" type="giString" value=""/>
        <attribute name="color" type="giString" value="153:255:194"/>
        <attribute name="enabled" type="giBoolean" value="1"/>
        <attribute name="exprIndex" type="giInt" value="14"/>
        <attribute name="expression" type="giString" value="v(/DR1)"/>
        <attribute name="global" type="giBoolean" value="0"/>
        <attribute name="isPlotted" type="giBoolean" value="0"/>
        <attribute name="logicRadix" type="enLogicRadixType" value="auto"/>
        <attribute name="modifier" type="giString" value=""/>
        <attribute name="name" type="giString" value=""/>
        <attribute name="params" type="giString" value=""/>
        <attribute name="plot" type="giBoolean" value="1"/>
        <attribute name="plotType" type="enGraphType" value="auto"/>
        <attribute name="resultType" type="giString" value="tran"/>
        <attribute name="type" type="enOutputType" value="net"/>
        <attribute name="units" type="giString" value=""/>
        <collection name="values"/>
       </object>
      </collection>
      <attribute name="name" type="giString" value=""/>
      <attribute name="outputType" type="enOutputType" value="net"/>
      <attribute name="plot" type="giBoolean" value="1"/>
      <attribute name="plotType" type="enGraphType" value="auto"/>
      <attribute name="precision" type="giInt" value="6"/>
      <attribute name="probe" type="giString" value="plotpacket12"/>
      <attribute name="resultsViewer" type="giBoolean" value="1"/>
      <attribute name="save" type="giBoolean" value="1"/>
      <attribute name="saveImage" type="giBoolean" value="0"/>
      <collection name="specs">
       <object name="specs" version="1" type="saSpecification">
        <attribute name="analysis" type="giString" value=""/>
        <attribute name="enabled" type="giBoolean" value="1"/>
        <attribute name="extGoalType" type="enGoalType" value="Greater Than"/>
        <attribute name="goal" type="giString" value=""/>
        <attribute name="goalHigh" type="giString" value=""/>
        <attribute name="goalLow" type="giString" value=""/>
        <attribute name="goalType" type="enGoalType" value="Greater Than"/>
        <attribute name="poor" type="giString" value="0%"/>
        <attribute name="poorHigh" type="giString" value="0%"/>
        <attribute name="poorLow" type="giString" value="0%"/>
       </object>
      </collection>
      <attribute name="suffix" type="giString" value=""/>
      <attribute name="units" type="giString" value=""/>
     </object>
     <object name="outputs" version="1" type="saOutput">
      <attribute name="analyses" type="giString" value="tran"/>
      <attribute name="description" type="giString" value=""/>
      <attribute name="errorMessage" type="giString" value=""/>
      <attribute name="expr" type="giString" value="v(/DR0)"/>
      <attribute name="goalExpression" type="giString" value=" None "/>
      <attribute name="hasSpec" type="giBoolean" value="0"/>
      <attribute name="imageTitle" type="giString" value="%e %c %s %m %t"/>
      <collection name="mappedExpressions">
       <object name="mappedExpressions" type="wfExpression">
        <attribute name="analysisName" type="giString" value=""/>
        <attribute name="color" type="giString" value="235:255:153"/>
        <attribute name="enabled" type="giBoolean" value="1"/>
        <attribute name="exprIndex" type="giInt" value="15"/>
        <attribute name="expression" type="giString" value="v(/DR0)"/>
        <attribute name="global" type="giBoolean" value="0"/>
        <attribute name="isPlotted" type="giBoolean" value="0"/>
        <attribute name="logicRadix" type="enLogicRadixType" value="auto"/>
        <attribute name="modifier" type="giString" value=""/>
        <attribute name="name" type="giString" value=""/>
        <attribute name="params" type="giString" value=""/>
        <attribute name="plot" type="giBoolean" value="1"/>
        <attribute name="plotType" type="enGraphType" value="auto"/>
        <attribute name="resultType" type="giString" value="tran"/>
        <attribute name="type" type="enOutputType" value="net"/>
        <attribute name="units" type="giString" value=""/>
        <collection name="values"/>
       </object>
      </collection>
      <attribute name="name" type="giString" value=""/>
      <attribute name="outputType" type="enOutputType" value="net"/>
      <attribute name="plot" type="giBoolean" value="1"/>
      <attribute name="plotType" type="enGraphType" value="auto"/>
      <attribute name="precision" type="giInt" value="6"/>
      <attribute name="probe" type="giString" value="plotpacket13"/>
      <attribute name="resultsViewer" type="giBoolean" value="1"/>
      <attribute name="save" type="giBoolean" value="1"/>
      <attribute name="saveImage" type="giBoolean" value="0"/>
      <collection name="specs">
       <object name="specs" version="1" type="saSpecification">
        <attribute name="analysis" type="giString" value=""/>
        <attribute name="enabled" type="giBoolean" value="1"/>
        <attribute name="extGoalType" type="enGoalType" value="Greater Than"/>
        <attribute name="goal" type="giString" value=""/>
        <attribute name="goalHigh" type="giString" value=""/>
        <attribute name="goalLow" type="giString" value=""/>
        <attribute name="goalType" type="enGoalType" value="Greater Than"/>
        <attribute name="poor" type="giString" value="0%"/>
        <attribute name="poorHigh" type="giString" value="0%"/>
        <attribute name="poorLow" type="giString" value="0%"/>
       </object>
      </collection>
      <attribute name="suffix" type="giString" value=""/>
      <attribute name="units" type="giString" value=""/>
     </object>
     <object name="outputs" version="1" type="saOutput">
      <attribute name="analyses" type="giString" value="tran"/>
      <attribute name="description" type="giString" value=""/>
      <attribute name="errorMessage" type="giString" value=""/>
      <attribute name="expr" type="giString" value=".measure tran Qtot INTEG 'i(/Vdd/PLUS)' FROM='0' TO='21*clkperiod'"/>
      <attribute name="goalExpression" type="giString" value=" None "/>
      <attribute name="hasSpec" type="giBoolean" value="0"/>
      <attribute name="imageTitle" type="giString" value="%e %c %s %m %t"/>
      <collection name="mappedExpressions">
       <object name="mappedExpressions" type="wfExpression">
        <attribute name="analysisName" type="giString" value=""/>
        <attribute name="color" type="giString" value=""/>
        <attribute name="enabled" type="giBoolean" value="1"/>
        <attribute name="exprIndex" type="giInt" value="16"/>
        <attribute name="expression" type="giString" value="meas(Qtot)"/>
        <attribute name="global" type="giBoolean" value="0"/>
        <attribute name="isPlotted" type="giBoolean" value="0"/>
        <attribute name="logicRadix" type="enLogicRadixType" value="auto"/>
        <attribute name="modifier" type="giString" value=""/>
        <attribute name="name" type="giString" value="Qtot"/>
        <attribute name="params" type="giString" value=""/>
        <attribute name="plot" type="giBoolean" value="0"/>
        <attribute name="plotType" type="enGraphType" value="auto"/>
        <attribute name="resultType" type="giString" value="tranMeasure"/>
        <attribute name="type" type="enOutputType" value="expression"/>
        <attribute name="units" type="giString" value=""/>
        <collection name="values"/>
       </object>
      </collection>
      <attribute name="name" type="giString" value="Qtot"/>
      <attribute name="outputType" type="enOutputType" value="measure"/>
      <attribute name="plot" type="giBoolean" value="0"/>
      <attribute name="plotType" type="enGraphType" value="auto"/>
      <attribute name="precision" type="giInt" value="6"/>
      <attribute name="probe" type="giString" value=""/>
      <attribute name="resultsViewer" type="giBoolean" value="1"/>
      <attribute name="save" type="giBoolean" value="1"/>
      <attribute name="saveImage" type="giBoolean" value="0"/>
      <collection name="specs">
       <object name="specs" version="1" type="saSpecification">
        <attribute name="analysis" type="giString" value=""/>
        <attribute name="enabled" type="giBoolean" value="1"/>
        <attribute name="extGoalType" type="enGoalType" value="Greater Than"/>
        <attribute name="goal" type="giString" value=""/>
        <attribute name="goalHigh" type="giString" value=""/>
        <attribute name="goalLow" type="giString" value=""/>
        <attribute name="goalType" type="enGoalType" value="Greater Than"/>
        <attribute name="poor" type="giString" value="0%"/>
        <attribute name="poorHigh" type="giString" value="0%"/>
        <attribute name="poorLow" type="giString" value="0%"/>
       </object>
      </collection>
      <attribute name="suffix" type="giString" value=""/>
      <attribute name="units" type="giString" value=""/>
     </object>
     <object name="outputs" version="1" type="saOutput">
      <attribute name="analyses" type="giString" value="tran"/>
      <attribute name="description" type="giString" value=""/>
      <attribute name="errorMessage" type="giString" value=""/>
      <attribute name="expr" type="giString" value=".measure tran Etot PARAM='-Qtot*vdd'"/>
      <attribute name="goalExpression" type="giString" value=" None "/>
      <attribute name="hasSpec" type="giBoolean" value="0"/>
      <attribute name="imageTitle" type="giString" value="%e %c %s %m %t"/>
      <collection name="mappedExpressions">
       <object name="mappedExpressions" type="wfExpression">
        <attribute name="analysisName" type="giString" value=""/>
        <attribute name="color" type="giString" value=""/>
        <attribute name="enabled" type="giBoolean" value="1"/>
        <attribute name="exprIndex" type="giInt" value="17"/>
        <attribute name="expression" type="giString" value="meas(Etot)"/>
        <attribute name="global" type="giBoolean" value="0"/>
        <attribute name="isPlotted" type="giBoolean" value="0"/>
        <attribute name="logicRadix" type="enLogicRadixType" value="auto"/>
        <attribute name="modifier" type="giString" value=""/>
        <attribute name="name" type="giString" value="Etot"/>
        <attribute name="params" type="giString" value=""/>
        <attribute name="plot" type="giBoolean" value="0"/>
        <attribute name="plotType" type="enGraphType" value="auto"/>
        <attribute name="resultType" type="giString" value="tranMeasure"/>
        <attribute name="type" type="enOutputType" value="expression"/>
        <attribute name="units" type="giString" value=""/>
        <collection name="values"/>
       </object>
      </collection>
      <attribute name="name" type="giString" value="Etot"/>
      <attribute name="outputType" type="enOutputType" value="measure"/>
      <attribute name="plot" type="giBoolean" value="0"/>
      <attribute name="plotType" type="enGraphType" value="auto"/>
      <attribute name="precision" type="giInt" value="6"/>
      <attribute name="probe" type="giString" value=""/>
      <attribute name="resultsViewer" type="giBoolean" value="1"/>
      <attribute name="save" type="giBoolean" value="1"/>
      <attribute name="saveImage" type="giBoolean" value="0"/>
      <collection name="specs">
       <object name="specs" version="1" type="saSpecification">
        <attribute name="analysis" type="giString" value=""/>
        <attribute name="enabled" type="giBoolean" value="1"/>
        <attribute name="extGoalType" type="enGoalType" value="Greater Than"/>
        <attribute name="goal" type="giString" value=""/>
        <attribute name="goalHigh" type="giString" value=""/>
        <attribute name="goalLow" type="giString" value=""/>
        <attribute name="goalType" type="enGoalType" value="Greater Than"/>
        <attribute name="poor" type="giString" value="0%"/>
        <attribute name="poorHigh" type="giString" value="0%"/>
        <attribute name="poorLow" type="giString" value="0%"/>
       </object>
      </collection>
      <attribute name="suffix" type="giString" value=""/>
      <attribute name="units" type="giString" value=""/>
     </object>
    </collection>
    <collection name="qqCharts"/>
    <attribute name="reductionString" type="giString" value=""/>
    <collection name="scatterCharts"/>
   </object>
  </collection>
  <attribute name="plotMode" type="giString" value="replace"/>
 </object>
</file-format>
