<?xml version="1.0"?>
<!--Created by Custom Compiler (TM), build , on Mon Apr 12 16:36:03 2021-->
<file-format version="1.0" name="stateData">
 <attribute name="description" type="giString" value=""/>
 <attribute name="design" type="dmCellView" value="DEMUX/demux-tb/schematic"/>
 <attribute name="enabled" type="giBoolean" value="1"/>
 <attribute name="name" type="giString" value="HSPICE_default"/>
 <attribute name="openaccessState" type="dmCellView" value="//"/>
 <attribute name="simulator" type="giString" value="HSPICE"/>
 <comment></comment>
 <resultsDir>./simulation</resultsDir>
 <integration version="1"/>
</file-format>
