<?xml version="1.0"?>
<!--Created by Custom Compiler (TM), build , on Mon Apr 12 15:54:37 2021-->
<file-format name="stateCategory" version="1.0">
 <object name="models" version="1" type="saModelSetup">
  <attribute value="1" name="includeGlobal" type="giBoolean"/>
  <attribute value="/afs/eos.ncsu.edu/lockers/research/ece/wdavis/tech/FreePDK15/syncust/NCSU_TechLib_FreePDK15/../../hspice/models/" name="includePath" type="giString"/>
  <collection name="modelFiles">
   <object name="modelFiles" version="1" type="saModelFile">
    <attribute value="1" name="enabled" type="giBoolean"/>
    <attribute value="fet.inc" name="filename" type="giString"/>
    <attribute value="CMG" name="section" type="giString"/>
   </object>
  </collection>
  <collection name="modelGroupDefs"/>
  <collection name="modelGroups"/>
 </object>
</file-format>
