<?xml version="1.0"?>
<!--Created by Custom Compiler (TM), build , on Mon Apr 12 15:54:37 2021-->
<file-format name="stateData" version="1.0">
 <attribute value="" name="description" type="giString"/>
 <attribute value="DECODER/decoder_tb/schematic" name="design" type="dmCellView"/>
 <attribute value="1" name="enabled" type="giBoolean"/>
 <attribute value="default" name="name" type="giString"/>
 <attribute value="//" name="openaccessState" type="dmCellView"/>
 <attribute value="HSPICE" name="simulator" type="giString"/>
 <comment></comment>
 <integration version="1"/>
</file-format>
