<?xml version="1.0"?>
<!--Created by Custom Compiler (TM), build , on Tue Apr 27 16:14:59 2021-->
<file-format version="1.0" name="saResults">
 <object version="1" type="saResults" name="saResults">
  <attribute type="giString" value="resultsMap.xml" name="name"/>
  <attribute type="giString" value="../netlist" name="netlistDir"/>
  <collection name="resultFiles">
   <object version="1" type="saResultFile" name="resultFiles">
    <attribute type="giString" value="tranMeasure" name="analysisName"/>
    <attribute type="giString" value="hspice.mt0" name="filename"/>
    <attribute type="giString" value="wdf" name="format"/>
    <attribute type="giString" value="tranMeasure" name="resultType"/>
   </object>
   <object version="1" type="saResultFile" name="resultFiles">
    <attribute type="giString" value="tran" name="analysisName"/>
    <attribute type="giString" value="hspice_wdf.tr0" name="filename"/>
    <attribute type="giString" value="wdf" name="format"/>
    <attribute type="giString" value="tran" name="resultType"/>
   </object>
   <object version="1" type="saResultFile" name="resultFiles">
    <attribute type="giString" value="" name="analysisName"/>
    <attribute type="giString" value="designVariables.wdf" name="filename"/>
    <attribute type="giString" value="wdf" name="format"/>
    <attribute type="giString" value="variables" name="resultType"/>
   </object>
  </collection>
  <attribute type="giString" value="." name="resultsDir"/>
  <attribute type="giString" value="Tue Apr 27 16:14:59 2021" name="runTime"/>
  <attribute type="giString" value="HSPICE" name="simulator"/>
  <attribute type="giString" value="" name="version"/>
 </object>
</file-format>
