<?xml version="1.0"?>
<!--Created by Custom Compiler (TM), build , on Tue Apr 13 20:53:08 2021-->
<file-format name="stateCategory" version="1.0">
 <object name="saveOptions" version="1" type="saSaveOptions">
  <attribute name="allAnalogTC" type="giBoolean" value="0"/>
  <attribute name="emTStart" type="giString" value=""/>
  <attribute name="emTStop" type="giString" value=""/>
  <attribute name="enableEM" type="giBoolean" value="0"/>
  <attribute name="enableVDRC" type="giBoolean" value="0"/>
  <attribute name="postLevel" type="giString" value=""/>
  <attribute name="postTop" type="giInt" value="1"/>
  <attribute name="power" type="giBoolean" value="0"/>
  <attribute name="save" type="giString" value="level"/>
  <attribute name="subcktCurrent" type="giBoolean" value="0"/>
  <attribute name="totalPower" type="giBoolean" value="0"/>
  <attribute name="vdrcTStart" type="giString" value=""/>
  <attribute name="vdrcTStop" type="giString" value=""/>
 </object>
</file-format>
