<?xml version="1.0"?>
<!--Created by Custom Compiler (TM), build , on Tue Apr 13 19:35:26 2021-->
<file-format name="netlisting-timestamps" version="2.0">
<module timestamp="2625" viewSearchList="hspice hspiceD schematic spice veriloga" contextID="switched: proj_common tb2021 schematic vl: hspice hspiceD schematic spice veriloga sl: hspice hspiceD" viewStopList="hspice hspiceD" isSubcircuit="0">
<parameterizedConnections>
<connectDefs timestamp="0"/>
<oaAssignments timestamp="0"/>
<dbAssignValue timestamp="0"/>
<dbAssignAssignment timestamp="0"/>
</parameterizedConnections>
<parameters/>
<lib_parameters timestamp="1"/>
<LineageParams/>
<ParentParams/>
<Terms timestamp="137"/>
<PortOrder><![CDATA[DR0DR1DR2DR3i_AR0i_AR1i_AW0i_AW1i_DW0i_DW1i_DW2i_DW3i_WENB]]></PortOrder>
<ShortOptions timestamp="3580584169"/>
</module>
</file-format>
