<?xml version="1.0"?>
<!--Created by Custom Compiler (TM), build , on Mon Apr 26 17:52:00 2021-->
<file-format name="netlisting-timestamps" version="2.0">
<module contextID="switched: DEMUX demux schematic vl: hspice hspiceD schematic spice veriloga sl: hspice hspiceD" isSubcircuit="1" timestamp="715" viewSearchList="hspice hspiceD schematic spice veriloga" viewStopList="hspice hspiceD">
<parameterizedConnections>
<connectDefs timestamp="0"/>
<oaAssignments timestamp="0"/>
<dbAssignValue timestamp="0"/>
<dbAssignAssignment timestamp="0"/>
</parameterizedConnections>
<parameters timestamp="2"/>
<lib_parameters timestamp="1"/>
<LineageParams/>
<ParentParams/>
<Terms timestamp="703"/>
<PortOrder><![CDATA[AW0AW1CLKWENBWWL0WWL1WWL2WWL3]]></PortOrder>
<ShortOptions timestamp="3580584169"/>
</module>
</file-format>
