<?xml version="1.0"?>
<!--Created by Custom Compiler (TM), build , on Mon Apr 12 15:43:19 2021-->
<file-format name="netlisting-timestamps" version="2.0">
<module viewStopList="hspice hspiceD" isSubcircuit="0" contextID="switched: DECODER decoder_tb schematic vl: hspice hspiceD schematic spice veriloga sl: hspice hspiceD" timestamp="1606" viewSearchList="hspice hspiceD schematic spice veriloga">
<parameterizedConnections>
<connectDefs timestamp="0"/>
<oaAssignments timestamp="0"/>
<dbAssignValue timestamp="0"/>
<dbAssignAssignment timestamp="0"/>
</parameterizedConnections>
<parameters/>
<lib_parameters timestamp="0"/>
<LineageParams/>
<ParentParams/>
<Terms timestamp="1569"/>
<PortOrder><![CDATA[AR0AR1RWL0RWL1RWL2RWL3]]></PortOrder>
<ShortOptions timestamp="3580584169"/>
</module>
</file-format>
