<?xml version="1.0"?>
<!--Created by Custom Compiler (TM), build , on Mon Apr 12 15:54:38 2021-->
<file-format name="stateCategory" version="1.0">
 <collection name="includeFiles">
  <object name="includeFiles" version="1" type="saIncludeFile">
   <attribute value="1" name="enabled" type="giBoolean"/>
   <attribute value="/afs/unity.ncsu.edu/users/s/spatnal/ece546project/decoder.dat" name="filename" type="giString"/>
   <attribute value="Digital Vector" name="includeType" type="giString"/>
   <attribute value="" name="section" type="giString"/>
  </object>
 </collection>
</file-format>
