<?xml version="1.0"?>
<!--Created by Custom Compiler (TM), build , on Mon Apr 12 15:42:46 2021-->
<file-format version="1.0" name="simRunData">
 <object version="1" name="simRunData" type="saSimRun">
  <attribute name="dmCellView" type="giString" value="DEMUX/demux-tb/schematic"/>
  <attribute name="simJobName" type="giString" value=""/>
  <attribute name="status" type="giString" value=""/>
  <attribute name="stopViewList" type="giString" value="hspice hspiceD"/>
  <attribute name="switchViewList" type="giString" value="hspice hspiceD schematic spice veriloga"/>
  <attribute name="timestamps" type="giStringList" value="./netlist 1618255924"/>
 </object>
</file-format>
