<?xml version="1.0"?>
<!--Created by Custom Compiler (TM), build , on Tue Apr 27 16:14:50 2021-->
<file-format version="1.0" name="simRunData">
 <object version="1" type="saSimRun" name="simRunData">
  <attribute type="giString" value="proj_common/tb2021/schematic" name="dmCellView"/>
  <attribute type="giString" value="" name="simJobName"/>
  <attribute type="giString" value="" name="status"/>
  <attribute type="giString" value="hspice hspiceD" name="stopViewList"/>
  <attribute type="giString" value="starrc hspice hspiceD schematic spice veriloga" name="switchViewList"/>
  <attribute type="giStringList" value="./netlist 1619554490" name="timestamps"/>
 </object>
</file-format>
